"CustomerID","rake_weight"
100558,131.81593752818
101028,61.7276355529887
101035,46.5633218254788
101935,46.5633218254788
101936,61.7276355529887
101982,131.81593752818
102145,99.5047998122065
102375,61.7276355529887
102382,46.7518876388864
102382,46.7518876388864
102685,99.5047998122065
102690,46.5633218254788
102853,46.5633218254788
103131,46.7518876388864
103307,46.7518876388864
103556,61.7276355529887
103620,131.81593752818
103740,46.5633218254788
103767,46.5633218254788
104068,46.7518876388864
104420,61.7276355529887
104487,46.5633218254788
104487,46.5633218254788
104548,46.5633218254788
104698,162.818454193073
104810,99.5047998122065
104854,46.7518876388864
104930,131.81593752818
104989,46.5633218254788
105101,46.5633218254788
105239,46.7518876388864
105393,171.472132996103
105487,99.5047998122065
105530,46.7518876388864
105700,46.7518876388864
105700,46.7518876388864
105925,46.5633218254788
105972,46.5633218254788
106021,131.81593752818
106147,61.7276355529887
106172,162.818454193073
106326,46.5633218254788
106428,131.81593752818
106693,129.440343763452
106762,46.7518876388864
106920,46.5633218254788
107051,61.7276355529887
107076,46.7518876388864
107077,131.81593752818
107083,46.7518876388864
107403,131.81593752818
107411,162.818454193073
107418,46.5633218254788
107430,46.7518876388864
107519,131.81593752818
107532,61.7276355529887
107601,61.7276355529887
107849,61.7276355529887
108483,61.7276355529887
108645,61.7276355529887
108738,162.818454193073
108832,162.818454193073
108930,46.7518876388864
109061,99.5047998122065
109184,46.7518876388864
109334,46.5633218254788
109559,99.5047998122065
109592,99.5047998122065
109764,46.7518876388864
109957,46.7518876388864
110044,46.5633218254788
110250,99.5047998122065
110379,46.5633218254788
110698,99.5047998122065
110809,162.818454193073
110842,46.5633218254788
111095,46.7518876388864
111435,162.818454193073
111544,46.5633218254788
111616,61.7276355529887
111683,46.5633218254788
111877,46.5633218254788
111931,46.7518876388864
111991,60.5716748863691
111991,60.5716748863691
112274,99.5047998122065
112274,99.5047998122065
112381,61.7276355529887
112853,46.7518876388864
113189,61.7276355529887
113231,162.818454193073
113422,46.5633218254788
113474,46.5633218254788
113769,171.472132996103
113778,99.5047998122065
113816,46.5633218254788
114111,61.7276355529887
114115,46.5633218254788
114437,61.7276355529887
114557,61.7276355529887
114566,46.7518876388864
114685,46.5633218254788
114714,61.7276355529887
114718,46.7518876388864
114841,46.7518876388864
114912,129.440343763452
115021,46.5633218254788
115138,46.5633218254788
115237,46.7518876388864
115386,46.7518876388864
115671,46.7518876388864
115708,99.5047998122065
115799,46.7518876388864
115883,99.5047998122065
116074,60.5716748863691
116220,61.7276355529887
116257,129.440343763452
116381,46.7518876388864
116655,46.7518876388864
116655,46.7518876388864
116982,61.7276355529887
117235,99.5047998122065
117309,46.7518876388864
117309,46.7518876388864
117623,61.7276355529887
117707,46.7518876388864
117707,46.7518876388864
117765,61.7276355529887
117900,61.7276355529887
117944,61.7276355529887
118020,46.5633218254788
118288,46.5633218254788
118384,61.7276355529887
118560,46.7518876388864
118658,46.7518876388864
118658,46.7518876388864
118872,61.7276355529887
118907,99.5047998122065
118915,61.7276355529887
119062,99.5047998122065
119165,99.5047998122065
119171,60.8169698244583
119279,99.5047998122065
119337,46.5633218254788
119400,46.5633218254788
119477,61.7276355529887
119604,61.7276355529887
119647,46.5633218254788
119700,61.7276355529887
119907,46.5633218254788
120002,131.81593752818
120016,61.7276355529887
120105,131.81593752818
120305,99.5047998122065
120417,61.7276355529887
120419,61.7276355529887
120562,131.81593752818
120606,162.818454193073
120698,99.5047998122065
120714,99.5047998122065
120849,131.81593752818
120954,99.5047998122065
121007,131.81593752818
121073,46.5633218254788
121263,46.7518876388864
121339,46.7518876388864
121339,46.7518876388864
121674,131.81593752818
121704,46.5633218254788
121704,46.5633218254788
121737,61.7276355529887
122045,46.5633218254788
122214,61.7276355529887
122243,99.5047998122065
122344,131.81593752818
122350,61.7276355529887
122405,131.81593752818
122858,61.7276355529887
122890,129.440343763452
123038,61.7276355529887
123054,61.7276355529887
123096,99.5047998122065
123181,99.5047998122065
123238,131.81593752818
123298,99.5047998122065
123361,61.7276355529887
123409,46.5633218254788
123476,46.5633218254788
123498,46.5633218254788
123517,99.5047998122065
123966,61.7276355529887
124025,46.7518876388864
124277,99.5047998122065
124356,46.5633218254788
124486,99.5047998122065
124490,46.7518876388864
124648,46.5633218254788
124679,46.7518876388864
124818,131.81593752818
124857,46.5633218254788
124883,46.7518876388864
124899,46.7518876388864
125044,46.5633218254788
125180,46.5633218254788
125262,61.7276355529887
125360,99.5047998122065
125817,46.5633218254788
125856,61.7276355529887
126179,46.7518876388864
126208,46.7518876388864
126238,46.7518876388864
126312,46.7518876388864
126678,46.5633218254788
126682,61.7276355529887
126832,61.7276355529887
126840,46.5633218254788
126864,61.7276355529887
127004,46.7518876388864
127015,131.81593752818
127037,46.7518876388864
127047,46.5633218254788
127059,46.7518876388864
127101,99.5047998122065
127108,99.5047998122065
127233,61.7276355529887
127434,46.7518876388864
127538,61.7276355529887
127661,46.7518876388864
127757,46.7518876388864
127769,99.5047998122065
127790,46.7518876388864
127846,46.7518876388864
127920,46.7518876388864
128060,61.7276355529887
128195,46.5633218254788
128208,46.5633218254788
128372,46.7518876388864
128372,46.7518876388864
128850,46.7518876388864
128977,46.5633218254788
128980,46.5633218254788
129184,46.7518876388864
129280,61.7276355529887
129438,60.8169698244583
129458,99.5047998122065
129541,46.5633218254788
129721,46.7518876388864
130168,131.81593752818
130354,46.7518876388864
130462,46.7518876388864
130755,60.5716748863691
130798,46.7518876388864
130887,46.5633218254788
131048,99.5047998122065
131223,131.81593752818
131375,99.5047998122065
131521,46.5633218254788
131547,46.7518876388864
131602,99.5047998122065
131612,46.5633218254788
131626,61.7276355529887
131700,61.7276355529887
131700,61.7276355529887
131729,46.7518876388864
131890,61.7276355529887
131896,46.5633218254788
132096,99.5047998122065
132173,99.5047998122065
132390,46.7518876388864
132536,46.5633218254788
132680,46.5633218254788
133061,46.7518876388864
133077,99.5047998122065
133154,46.7518876388864
133338,99.5047998122065
133376,99.5047998122065
133715,46.7518876388864
133853,46.7518876388864
133872,46.7518876388864
134272,99.5047998122065
134366,61.7276355529887
134631,46.5633218254788
134714,61.7276355529887
134942,46.7518876388864
134967,46.7518876388864
134970,46.5633218254788
135480,99.5047998122065
135636,99.5047998122065
135700,99.5047998122065
136029,99.5047998122065
136105,46.7518876388864
136166,61.7276355529887
136196,46.5633218254788
136411,46.7518876388864
136567,99.5047998122065
136571,61.7276355529887
136841,46.7518876388864
137200,80.298099998828
137264,46.5633218254788
137326,46.7518876388864
137383,99.5047998122065
137494,46.5633218254788
137543,131.81593752818
137690,61.7276355529887
137708,46.7518876388864
137754,46.7518876388864
137775,46.5633218254788
137983,99.5047998122065
137999,99.5047998122065
138025,46.5633218254788
138429,46.5633218254788
138502,61.7276355529887
138734,46.7518876388864
138743,46.5633218254788
138821,46.5633218254788
139091,131.81593752818
139130,46.5633218254788
139194,131.81593752818
139241,46.7518876388864
139303,46.7518876388864
139327,99.5047998122065
139348,46.5633218254788
139375,46.5633218254788
139577,99.5047998122065
140000,61.7276355529887
140062,99.5047998122065
140422,46.5633218254788
140523,99.5047998122065
140702,46.5633218254788
141075,99.5047998122065
141355,46.7518876388864
141781,46.7518876388864
141813,46.5633218254788
141952,99.5047998122065
141962,46.5633218254788
142090,46.7518876388864
142098,46.7518876388864
142939,46.5633218254788
143064,46.7518876388864
143413,46.5633218254788
143434,46.7518876388864
143723,46.5633218254788
143798,61.7276355529887
143833,46.5633218254788
144041,99.5047998122065
144078,46.7518876388864
144214,46.7518876388864
144230,46.5633218254788
144347,46.5633218254788
144671,46.7518876388864
144763,80.298099998828
145293,46.5633218254788
145498,46.5633218254788
145663,46.5633218254788
145957,131.81593752818
146155,61.7276355529887
146351,99.5047998122065
146622,46.5633218254788
146642,46.5633218254788
146885,61.7276355529887
147104,60.8169698244583
147715,46.7518876388864
147927,46.5633218254788
148105,61.7276355529887
148156,46.7518876388864
148214,46.7518876388864
148239,46.7518876388864
148474,46.7518876388864
148547,46.5633218254788
149244,46.5633218254788
149491,46.7518876388864
150047,99.5047998122065
150188,46.5633218254788
150308,46.7518876388864
150308,46.7518876388864
150606,129.440343763452
150646,46.5633218254788
150751,46.5633218254788
150771,46.7518876388864
151054,61.7276355529887
151124,46.5633218254788
152084,61.7276355529887
152185,61.7276355529887
152403,46.7518876388864
152403,46.7518876388864
152428,46.7518876388864
152445,46.5633218254788
152774,46.7518876388864
153054,99.5047998122065
153239,46.7518876388864
153286,46.5633218254788
153291,61.7276355529887
153577,99.5047998122065
153583,46.7518876388864
153631,60.8169698244583
153655,46.5633218254788
153826,99.5047998122065
154194,46.5633218254788
154377,61.7276355529887
154613,61.7276355529887
154787,46.7518876388864
155105,46.5633218254788
155141,131.81593752818
155232,46.5633218254788
155341,46.5633218254788
155349,131.81593752818
155417,99.5047998122065
155709,46.5633218254788
155850,46.5633218254788
156229,99.5047998122065
156369,46.5633218254788
156565,131.81593752818
157059,46.5633218254788
157074,46.7518876388864
157188,46.5633218254788
157342,46.5633218254788
157802,46.7518876388864
157880,61.7276355529887
158056,46.7518876388864
158330,46.7518876388864
158574,99.5047998122065
158716,46.5633218254788
158750,46.7518876388864
158760,61.7276355529887
158763,61.7276355529887
158807,46.5633218254788
158834,46.5633218254788
159033,46.5633218254788
159044,131.81593752818
159204,46.5633218254788
159322,131.81593752818
159788,46.7518876388864
159816,46.5633218254788
159831,46.7518876388864
159868,46.5633218254788
159883,61.7276355529887
159936,46.5633218254788
159952,46.5633218254788
160383,46.7518876388864
160448,61.7276355529887
160495,46.5633218254788
160575,99.5047998122065
160765,99.5047998122065
160841,99.5047998122065
160943,61.7276355529887
160974,46.5633218254788
161006,61.7276355529887
161051,80.298099998828
161425,61.7276355529887
161426,46.5633218254788
161818,46.5633218254788
161872,60.8169698244583
162052,61.7276355529887
162076,46.5633218254788
162410,46.5633218254788
162951,46.5633218254788
163382,46.5633218254788
163415,46.7518876388864
163463,46.7518876388864
163577,46.5633218254788
163879,99.5047998122065
164061,46.5633218254788
164224,61.7276355529887
164374,46.7518876388864
164459,46.7518876388864
164804,46.5633218254788
164901,46.7518876388864
164922,46.5633218254788
164976,46.7518876388864
165007,46.5633218254788
165147,46.7518876388864
165188,46.5633218254788
165255,46.7518876388864
165980,46.5633218254788
166147,131.81593752818
166209,46.7518876388864
166383,46.5633218254788
166394,46.5633218254788
166659,46.5633218254788
166897,131.81593752818
166898,131.81593752818
166989,99.5047998122065
167522,61.7276355529887
167559,46.5633218254788
167636,46.7518876388864
167687,46.5633218254788
168007,46.5633218254788
168093,61.7276355529887
168133,61.7276355529887
168400,61.7276355529887
168528,80.298099998828
168561,99.5047998122065
168591,46.7518876388864
168717,61.7276355529887
168756,46.7518876388864
168799,46.7518876388864
168936,46.5633218254788
169306,131.81593752818
169513,61.7276355529887
170186,61.7276355529887
170223,99.5047998122065
170231,131.81593752818
170425,131.81593752818
170697,61.7276355529887
170880,46.5633218254788
170943,46.7518876388864
171414,46.7518876388864
171556,46.7518876388864
171560,99.5047998122065
171780,99.5047998122065
171991,61.7276355529887
172233,171.472132996103
172369,46.5633218254788
172541,162.818454193073
172833,61.7276355529887
173151,46.5633218254788
173355,60.5716748863691
173509,99.5047998122065
173692,46.5633218254788
173718,46.5633218254788
173825,99.5047998122065
174057,46.5633218254788
174338,46.5633218254788
174660,46.5633218254788
174736,61.7276355529887
174826,46.5633218254788
174985,61.7276355529887
175079,61.7276355529887
175084,46.7518876388864
175097,99.5047998122065
175426,61.7276355529887
175522,46.7518876388864
175839,46.5633218254788
176299,46.5633218254788
176350,61.7276355529887
176614,131.81593752818
176733,46.5633218254788
176749,99.5047998122065
176794,46.7518876388864
176854,46.5633218254788
177346,46.7518876388864
177592,46.5633218254788
177865,99.5047998122065
177968,46.5633218254788
177994,46.5633218254788
178143,46.7518876388864
178249,99.5047998122065
178251,46.5633218254788
178291,61.7276355529887
178514,46.5633218254788
178670,46.7518876388864
178716,46.5633218254788
178804,46.5633218254788
179087,61.7276355529887
179091,61.7276355529887
179273,46.7518876388864
179557,46.7518876388864
179559,61.7276355529887
179719,61.7276355529887
179760,61.7276355529887
179969,46.7518876388864
179992,46.7518876388864
180595,60.5716748863691
180652,46.7518876388864
180752,61.7276355529887
180838,131.81593752818
180838,131.81593752818
181088,46.7518876388864
181118,46.7518876388864
181328,131.81593752818
181820,46.5633218254788
181832,61.7276355529887
181997,131.81593752818
182096,46.5633218254788
182250,60.5716748863691
182278,61.7276355529887
182486,46.5633218254788
182545,99.5047998122065
182798,46.5633218254788
182958,99.5047998122065
183066,61.7276355529887
183295,99.5047998122065
184332,46.7518876388864
184339,61.7276355529887
184431,46.5633218254788
184501,131.81593752818
184738,46.7518876388864
184907,61.7276355529887
185011,99.5047998122065
185039,46.7518876388864
185307,61.7276355529887
185853,61.7276355529887
185921,61.7276355529887
186412,46.7518876388864
186668,61.7276355529887
186859,46.7518876388864
187640,61.7276355529887
188141,131.81593752818
188228,131.81593752818
188427,46.7518876388864
188490,61.7276355529887
188537,46.7518876388864
188747,99.5047998122065
188810,46.5633218254788
188937,61.7276355529887
189051,131.81593752818
189101,46.5633218254788
189150,61.7276355529887
189276,46.5633218254788
189337,131.81593752818
189402,61.7276355529887
189692,46.5633218254788
190134,99.5047998122065
190328,60.8169698244583
191046,46.7518876388864
191050,46.7518876388864
191059,61.7276355529887
191301,46.7518876388864
191301,46.7518876388864
191376,80.298099998828
191376,80.298099998828
191416,61.7276355529887
191427,61.7276355529887
191523,46.5633218254788
191827,46.5633218254788
191947,46.7518876388864
192023,60.5716748863691
192203,60.8169698244583
192293,99.5047998122065
192339,99.5047998122065
192387,61.7276355529887
192435,46.7518876388864
192454,99.5047998122065
192469,46.7518876388864
192725,46.5633218254788
192830,129.440343763452
193266,46.7518876388864
193777,46.5633218254788
193796,99.5047998122065
194493,61.7276355529887
194719,46.7518876388864
194748,46.5633218254788
194755,61.7276355529887
194984,61.7276355529887
195015,99.5047998122065
195211,61.7276355529887
195466,46.7518876388864
195480,46.7518876388864
196061,46.5633218254788
196072,46.7518876388864
196126,61.7276355529887
196172,46.5633218254788
196344,131.81593752818
197020,46.7518876388864
197216,99.5047998122065
197381,46.7518876388864
197431,46.7518876388864
197432,46.7518876388864
197536,131.81593752818
197587,61.7276355529887
197851,46.7518876388864
198246,46.5633218254788
198296,61.7276355529887
198520,99.5047998122065
198574,61.7276355529887
198802,46.7518876388864
199042,99.5047998122065
199437,46.5633218254788
199445,61.7276355529887
199533,46.5633218254788
199533,46.5633218254788
199682,46.5633218254788
199861,99.5047998122065
200093,61.7276355529887
200215,46.7518876388864
200520,61.7276355529887
201157,131.81593752818
201251,46.5633218254788
201437,131.81593752818
201481,46.7518876388864
201606,46.5633218254788
201674,61.7276355529887
201691,46.5633218254788
201740,46.5633218254788
201920,99.5047998122065
201948,46.5633218254788
201965,46.7518876388864
202071,46.7518876388864
202107,99.5047998122065
202394,46.5633218254788
202411,99.5047998122065
202853,61.7276355529887
202925,61.7276355529887
203165,131.81593752818
203339,99.5047998122065
203437,99.5047998122065
203473,60.8169698244583
203768,46.5633218254788
203845,46.7518876388864
204028,99.5047998122065
204247,61.7276355529887
204257,46.5633218254788
204498,46.5633218254788
204704,46.5633218254788
204867,131.81593752818
205083,46.5633218254788
205250,46.7518876388864
205780,131.81593752818
205798,61.7276355529887
205865,46.5633218254788
206007,46.7518876388864
206198,46.5633218254788
206339,46.5633218254788
206526,61.7276355529887
206621,46.5633218254788
206766,46.7518876388864
206894,99.5047998122065
207321,46.5633218254788
207593,80.298099998828
207664,61.7276355529887
207776,131.81593752818
207898,46.5633218254788
207983,46.5633218254788
208226,61.7276355529887
208558,46.7518876388864
208955,131.81593752818
209597,46.5633218254788
209896,61.7276355529887
210032,46.5633218254788
210093,46.5633218254788
210193,131.81593752818
210537,46.7518876388864
210785,46.5633218254788
211572,46.7518876388864
211698,99.5047998122065
211744,46.5633218254788
211958,61.7276355529887
211972,61.7276355529887
212022,61.7276355529887
212249,46.7518876388864
212301,131.81593752818
212602,46.5633218254788
212717,46.5633218254788
212901,46.5633218254788
212964,46.7518876388864
213081,46.7518876388864
213368,46.5633218254788
213452,46.7518876388864
213531,61.7276355529887
213686,46.7518876388864
213945,46.5633218254788
214080,99.5047998122065
214255,46.5633218254788
214392,46.7518876388864
214406,46.5633218254788
214420,129.440343763452
214551,46.7518876388864
214737,61.7276355529887
214755,99.5047998122065
214788,99.5047998122065
215309,46.7518876388864
215433,46.5633218254788
215446,46.7518876388864
215491,61.7276355529887
215659,46.7518876388864
215698,46.7518876388864
216260,46.7518876388864
216315,46.7518876388864
216322,46.5633218254788
216354,46.7518876388864
216367,131.81593752818
216565,46.7518876388864
216656,46.5633218254788
216991,61.7276355529887
217266,46.5633218254788
217614,99.5047998122065
217617,46.7518876388864
217673,46.7518876388864
218210,60.5716748863691
218291,46.5633218254788
218796,46.7518876388864
218855,46.7518876388864
218888,46.5633218254788
218976,61.7276355529887
219015,46.7518876388864
219071,46.7518876388864
219072,99.5047998122065
219243,46.5633218254788
219461,61.7276355529887
219470,46.7518876388864
219805,46.7518876388864
219934,46.7518876388864
219969,46.7518876388864
220050,99.5047998122065
220181,46.5633218254788
220230,46.5633218254788
220289,61.7276355529887
220644,61.7276355529887
220937,61.7276355529887
220971,46.7518876388864
221169,46.7518876388864
221231,46.7518876388864
221433,61.7276355529887
221637,46.5633218254788
221909,99.5047998122065
222187,61.7276355529887
222377,131.81593752818
222419,46.7518876388864
222450,46.5633218254788
222626,46.5633218254788
222763,131.81593752818
222781,46.5633218254788
222889,46.5633218254788
223236,46.7518876388864
223369,46.5633218254788
223627,46.7518876388864
223708,46.5633218254788
223871,46.5633218254788
224184,131.81593752818
224246,46.7518876388864
224443,46.5633218254788
224726,99.5047998122065
225250,99.5047998122065
225349,61.7276355529887
225420,46.5633218254788
225854,61.7276355529887
225876,46.5633218254788
225901,46.7518876388864
226016,46.7518876388864
226177,46.7518876388864
226531,46.5633218254788
226798,61.7276355529887
227005,61.7276355529887
227028,131.81593752818
227411,46.5633218254788
227422,61.7276355529887
227508,46.5633218254788
227594,61.7276355529887
227735,46.7518876388864
227823,99.5047998122065
227919,60.8169698244583
228048,46.7518876388864
228171,61.7276355529887
228289,46.7518876388864
228829,46.5633218254788
229181,46.7518876388864
229205,131.81593752818
229515,46.5633218254788
229744,131.81593752818
229891,46.7518876388864
230144,99.5047998122065
230264,46.5633218254788
230544,61.7276355529887
230703,131.81593752818
230872,46.7518876388864
231066,46.7518876388864
231071,46.5633218254788
231600,46.7518876388864
231652,46.7518876388864
231912,46.5633218254788
232063,99.5047998122065
232256,131.81593752818
232352,46.7518876388864
233541,46.5633218254788
233617,46.5633218254788
234236,46.7518876388864
234367,131.81593752818
234523,162.818454193073
234812,46.5633218254788
234962,162.818454193073
235045,61.7276355529887
235050,46.5633218254788
235402,61.7276355529887
235800,61.7276355529887
236286,61.7276355529887
236314,46.5633218254788
236340,46.7518876388864
236509,46.7518876388864
236786,99.5047998122065
236889,46.7518876388864
237052,46.5633218254788
237100,46.5633218254788
237216,46.7518876388864
237269,46.7518876388864
237970,46.5633218254788
237996,61.7276355529887
238123,61.7276355529887
239553,46.5633218254788
239691,99.5047998122065
239879,46.5633218254788
239986,61.7276355529887
240055,46.5633218254788
240405,99.5047998122065
240559,46.5633218254788
240818,46.5633218254788
241694,61.7276355529887
242557,61.7276355529887
242815,61.7276355529887
243691,46.7518876388864
243967,46.5633218254788
244419,61.7276355529887
244490,46.5633218254788
244621,46.7518876388864
245100,46.7518876388864
245505,131.81593752818
245861,61.7276355529887
246107,46.7518876388864
246107,46.7518876388864
246485,99.5047998122065
246520,129.440343763452
247036,131.81593752818
247210,46.5633218254788
247513,46.5633218254788
247702,46.5633218254788
247741,46.5633218254788
247744,60.5716748863691
247744,60.5716748863691
247744,60.5716748863691
247744,60.5716748863691
247744,60.5716748863691
247744,60.5716748863691
247744,60.5716748863691
248389,99.5047998122065
248820,131.81593752818
248965,61.7276355529887
249191,46.7518876388864
249444,46.7518876388864
250034,46.5633218254788
251040,46.5633218254788
251140,99.5047998122065
251511,46.5633218254788
251655,61.7276355529887
251994,99.5047998122065
252412,46.7518876388864
252593,99.5047998122065
252605,171.472132996103
252767,46.7518876388864
252810,80.298099998828
252810,80.298099998828
252833,131.81593752818
252874,46.5633218254788
253812,46.5633218254788
253939,61.7276355529887
253949,61.7276355529887
254298,80.298099998828
254473,46.7518876388864
254739,99.5047998122065
254836,99.5047998122065
255240,46.5633218254788
255271,80.298099998828
255442,99.5047998122065
255868,131.81593752818
255925,46.7518876388864
256079,46.5633218254788
256086,162.818454193073
257028,61.7276355529887
257285,46.5633218254788
257661,46.7518876388864
257898,99.5047998122065
258711,46.5633218254788
258810,61.7276355529887
258854,46.7518876388864
258872,46.7518876388864
259009,46.5633218254788
259643,131.81593752818
260327,99.5047998122065
260462,99.5047998122065
260515,46.7518876388864
261902,162.818454193073
262391,162.818454193073
262503,61.7276355529887
262543,46.7518876388864
262846,46.7518876388864
262879,46.7518876388864
263151,46.5633218254788
263855,61.7276355529887
263911,46.7518876388864
264029,61.7276355529887
264039,61.7276355529887
264214,99.5047998122065
264555,46.5633218254788
264785,162.818454193073
265127,46.7518876388864
265184,80.298099998828
265235,46.5633218254788
265257,131.81593752818
265443,46.7518876388864
265445,46.5633218254788
265478,46.7518876388864
265557,46.5633218254788
266911,46.5633218254788
267341,46.5633218254788
267352,61.7276355529887
267828,60.5716748863691
267878,129.440343763452
268015,46.5633218254788
268364,129.440343763452
268802,60.5716748863691
268941,61.7276355529887
269069,46.7518876388864
269190,46.7518876388864
269334,46.7518876388864
269335,46.7518876388864
269396,61.7276355529887
269495,46.7518876388864
269542,131.81593752818
269580,46.5633218254788
269710,46.7518876388864
269732,46.5633218254788
270096,61.7276355529887
270175,99.5047998122065
270220,46.5633218254788
270262,46.7518876388864
270311,131.81593752818
270317,46.5633218254788
270346,46.7518876388864
270474,61.7276355529887
271284,61.7276355529887
271284,61.7276355529887
271602,61.7276355529887
271789,46.7518876388864
271912,61.7276355529887
271958,99.5047998122065
272004,99.5047998122065
272245,46.7518876388864
272439,46.5633218254788
272490,99.5047998122065
272517,46.5633218254788
273377,99.5047998122065
273845,46.5633218254788
274311,162.818454193073
274440,46.7518876388864
275105,99.5047998122065
275171,46.7518876388864
275407,46.7518876388864
275421,99.5047998122065
275439,99.5047998122065
275580,46.7518876388864
275606,99.5047998122065
275655,46.7518876388864
275801,99.5047998122065
276280,46.7518876388864
276482,46.7518876388864
276647,131.81593752818
276830,61.7276355529887
276851,46.5633218254788
276857,46.7518876388864
277057,131.81593752818
277167,60.5716748863691
277447,99.5047998122065
277794,46.5633218254788
277927,46.5633218254788
279647,46.7518876388864
280651,46.5633218254788
280784,46.5633218254788
281186,46.5633218254788
281295,46.7518876388864
281763,80.298099998828
281890,46.5633218254788
282340,46.7518876388864
282414,131.81593752818
282416,61.7276355529887
282608,46.5633218254788
282798,46.5633218254788
282882,46.5633218254788
283663,61.7276355529887
283807,46.5633218254788
284011,61.7276355529887
284011,61.7276355529887
284073,99.5047998122065
284206,61.7276355529887
284289,46.5633218254788
284809,46.7518876388864
285229,46.7518876388864
285318,46.5633218254788
285650,46.5633218254788
285677,131.81593752818
285917,61.7276355529887
285930,46.7518876388864
286014,46.5633218254788
286063,46.5633218254788
286133,61.7276355529887
286164,61.7276355529887
286569,46.7518876388864
286754,131.81593752818
287392,46.7518876388864
287861,131.81593752818
288032,61.7276355529887
288085,46.5633218254788
288393,99.5047998122065
288628,46.5633218254788
288949,129.440343763452
288949,129.440343763452
288973,131.81593752818
289411,46.5633218254788
289414,99.5047998122065
289657,46.7518876388864
289864,46.5633218254788
290867,61.7276355529887
290867,61.7276355529887
291118,129.440343763452
291357,61.7276355529887
292499,46.7518876388864
292736,99.5047998122065
292772,99.5047998122065
292809,131.81593752818
292834,46.7518876388864
293336,46.7518876388864
293649,162.818454193073
293751,46.7518876388864
294142,162.818454193073
294312,99.5047998122065
294490,131.81593752818
294646,46.5633218254788
294646,46.5633218254788
294696,46.5633218254788
294951,131.81593752818
295192,46.5633218254788
295798,99.5047998122065
296116,61.7276355529887
296444,131.81593752818
297118,46.7518876388864
297740,46.7518876388864
298117,46.7518876388864
298667,46.7518876388864
298892,46.5633218254788
299568,99.5047998122065
299998,99.5047998122065
300262,131.81593752818
300276,162.818454193073
301208,46.5633218254788
301652,131.81593752818
301678,61.7276355529887
301841,46.7518876388864
302244,46.7518876388864
302375,46.7518876388864
302387,80.298099998828
303127,61.7276355529887
303140,131.81593752818
303211,46.5633218254788
303365,46.7518876388864
303844,46.5633218254788
304148,46.7518876388864
304199,46.7518876388864
304205,46.7518876388864
304614,61.7276355529887
304740,99.5047998122065
305203,46.7518876388864
305389,61.7276355529887
305405,46.5633218254788
305597,61.7276355529887
305783,46.5633218254788
306094,46.7518876388864
306131,99.5047998122065
306411,61.7276355529887
306476,46.5633218254788
306490,99.5047998122065
306507,131.81593752818
306687,46.7518876388864
306732,61.7276355529887
306872,46.5633218254788
306887,46.5633218254788
307102,46.5633218254788
307328,162.818454193073
307575,46.7518876388864
307756,131.81593752818
307905,61.7276355529887
308033,61.7276355529887
308181,46.5633218254788
308214,46.7518876388864
308571,46.7518876388864
308680,46.7518876388864
308794,46.7518876388864
308912,46.5633218254788
308941,46.7518876388864
309261,46.7518876388864
309280,46.5633218254788
309311,131.81593752818
309311,131.81593752818
309738,99.5047998122065
309865,46.7518876388864
309920,46.7518876388864
309929,46.7518876388864
310099,46.7518876388864
310251,46.7518876388864
310379,46.7518876388864
310545,61.7276355529887
310659,46.5633218254788
310811,46.5633218254788
310895,46.5633218254788
310938,46.5633218254788
311610,99.5047998122065
311848,61.7276355529887
311870,131.81593752818
311870,131.81593752818
311886,46.5633218254788
312133,46.7518876388864
312358,46.7518876388864
312509,46.7518876388864
312592,46.5633218254788
312866,46.7518876388864
312925,162.818454193073
312995,46.5633218254788
313046,46.5633218254788
313201,46.7518876388864
313276,131.81593752818
313287,61.7276355529887
313367,46.5633218254788
313428,46.5633218254788
313430,131.81593752818
313447,61.7276355529887
313723,61.7276355529887
313755,129.440343763452
314174,46.7518876388864
315021,61.7276355529887
315167,61.7276355529887
315854,46.7518876388864
315876,61.7276355529887
316019,99.5047998122065
316211,46.5633218254788
316472,171.472132996103
316480,46.7518876388864
316834,46.7518876388864
317002,131.81593752818
317449,46.5633218254788
317894,131.81593752818
317934,131.81593752818
318031,61.7276355529887
318488,46.5633218254788
318621,99.5047998122065
318663,99.5047998122065
318695,46.5633218254788
318988,46.7518876388864
319010,46.5633218254788
319247,61.7276355529887
319334,46.5633218254788
319499,46.5633218254788
320068,46.5633218254788
320193,46.7518876388864
320266,60.8169698244583
320974,46.7518876388864
321027,80.298099998828
321027,80.298099998828
321081,46.7518876388864
321268,46.7518876388864
321434,129.440343763452
321937,46.5633218254788
322158,61.7276355529887
323205,61.7276355529887
323286,99.5047998122065
323321,46.5633218254788
323375,61.7276355529887
323664,61.7276355529887
323689,131.81593752818
323727,99.5047998122065
324419,131.81593752818
324802,61.7276355529887
324876,99.5047998122065
325080,61.7276355529887
325401,46.5633218254788
325407,46.5633218254788
325815,99.5047998122065
325841,46.7518876388864
325934,80.298099998828
325934,80.298099998828
326003,162.818454193073
326055,46.7518876388864
326103,99.5047998122065
326432,46.5633218254788
326717,46.5633218254788
327007,99.5047998122065
327026,46.5633218254788
327747,46.7518876388864
327980,46.7518876388864
328012,46.7518876388864
328404,46.7518876388864
328631,129.440343763452
328648,60.5716748863691
329793,46.5633218254788
329926,131.81593752818
330159,61.7276355529887
330634,46.7518876388864
330674,46.5633218254788
330805,46.7518876388864
330844,61.7276355529887
331179,46.5633218254788
331770,99.5047998122065
332141,46.7518876388864
332154,60.5716748863691
332205,61.7276355529887
332517,131.81593752818
332776,46.5633218254788
332868,80.298099998828
333253,46.5633218254788
333872,46.5633218254788
334279,46.5633218254788
334366,61.7276355529887
334581,61.7276355529887
334688,131.81593752818
335496,99.5047998122065
335699,61.7276355529887
336169,46.5633218254788
337567,46.7518876388864
337761,99.5047998122065
337838,46.5633218254788
339032,61.7276355529887
339242,61.7276355529887
339325,46.5633218254788
339400,60.8169698244583
339400,60.8169698244583
339560,61.7276355529887
340205,99.5047998122065
340378,129.440343763452
340378,129.440343763452
340383,99.5047998122065
340640,61.7276355529887
341048,131.81593752818
341066,61.7276355529887
341097,60.5716748863691
341253,46.5633218254788
341560,61.7276355529887
341667,46.5633218254788
341799,61.7276355529887
342115,61.7276355529887
342620,80.298099998828
342893,131.81593752818
343632,61.7276355529887
343680,46.5633218254788
344125,99.5047998122065
344633,61.7276355529887
344655,61.7276355529887
344704,46.5633218254788
344709,80.298099998828
344760,99.5047998122065
345059,162.818454193073
345146,60.8169698244583
345232,99.5047998122065
345388,46.5633218254788
345691,129.440343763452
345791,60.5716748863691
346188,46.7518876388864
346468,46.5633218254788
346678,46.5633218254788
347537,46.5633218254788
347812,131.81593752818
348079,46.5633218254788
349143,61.7276355529887
349407,46.5633218254788
349982,129.440343763452
350028,60.5716748863691
350315,131.81593752818
351035,46.5633218254788
351053,61.7276355529887
351100,46.7518876388864
351149,46.7518876388864
351166,46.5633218254788
351514,99.5047998122065
352009,46.7518876388864
352199,46.5633218254788
353415,46.5633218254788
353744,99.5047998122065
354265,61.7276355529887
355760,46.5633218254788
355848,61.7276355529887
356605,46.5633218254788
358678,162.818454193073
358678,162.818454193073
358730,131.81593752818
359858,131.81593752818
361310,99.5047998122065
361380,46.5633218254788
361752,46.5633218254788
361914,46.5633218254788
361925,46.5633218254788
362065,46.7518876388864
362214,99.5047998122065
362309,60.8169698244583
362358,46.7518876388864
362713,46.7518876388864
363892,46.5633218254788
364369,99.5047998122065
364750,46.5633218254788
364783,60.8169698244583
365149,80.298099998828
365303,60.8169698244583
365501,46.5633218254788
365675,61.7276355529887
366001,46.7518876388864
366307,99.5047998122065
367226,46.7518876388864
367364,46.5633218254788
367670,46.7518876388864
368660,46.5633218254788
369149,46.5633218254788
370168,99.5047998122065
370342,99.5047998122065
370591,131.81593752818
370653,131.81593752818
370764,46.5633218254788
370882,60.8169698244583
371926,99.5047998122065
372176,61.7276355529887
372339,99.5047998122065
372971,61.7276355529887
373256,46.7518876388864
373487,131.81593752818
373492,99.5047998122065
373549,61.7276355529887
373813,131.81593752818
374861,129.440343763452
375023,46.7518876388864
375725,46.5633218254788
375741,131.81593752818
375774,46.7518876388864
376178,99.5047998122065
376424,46.7518876388864
376575,61.7276355529887
376987,162.818454193073
377058,46.7518876388864
377173,46.5633218254788
378361,99.5047998122065
380324,46.5633218254788
380918,46.7518876388864
381075,129.440343763452
381929,46.5633218254788
382006,46.7518876388864
382275,46.5633218254788
382673,60.5716748863691
382673,60.5716748863691
382719,99.5047998122065
382903,46.5633218254788
383818,171.472132996103
384019,129.440343763452
384019,129.440343763452
384063,46.5633218254788
385424,46.7518876388864
386073,162.818454193073
386392,99.5047998122065
386566,129.440343763452
387192,61.7276355529887
389176,46.7518876388864
389695,131.81593752818
389858,46.5633218254788
390937,99.5047998122065
391327,162.818454193073
392021,131.81593752818
392548,162.818454193073
393486,162.818454193073
393503,131.81593752818
394171,162.818454193073
395184,61.7276355529887
395282,46.7518876388864
395494,162.818454193073
395857,131.81593752818
395857,131.81593752818
395902,46.7518876388864
396084,46.7518876388864
396493,61.7276355529887
397538,46.5633218254788
397927,46.7518876388864
398112,46.5633218254788
398388,46.7518876388864
398790,46.7518876388864
399515,46.5633218254788
399792,99.5047998122065
399879,131.81593752818
400313,46.5633218254788
400968,60.5716748863691
401220,46.5633218254788
401245,99.5047998122065
401963,80.298099998828
402711,46.7518876388864
402917,131.81593752818
402933,46.7518876388864
403195,46.7518876388864
403511,46.5633218254788
405387,162.818454193073
406203,46.7518876388864
406331,99.5047998122065
406539,46.5633218254788
406542,46.7518876388864
406622,131.81593752818
406881,46.5633218254788
406964,46.7518876388864
407495,162.818454193073
407629,131.81593752818
407737,61.7276355529887
408197,46.5633218254788
409224,131.81593752818
411145,46.7518876388864
411243,46.7518876388864
411296,46.5633218254788
411928,46.7518876388864
412483,46.5633218254788
413142,46.5633218254788
413387,46.7518876388864
413891,131.81593752818
414112,60.8169698244583
414487,61.7276355529887
415585,99.5047998122065
415780,46.5633218254788
416898,131.81593752818
416968,46.5633218254788
417890,131.81593752818
418460,60.8169698244583
418811,99.5047998122065
419170,162.818454193073
419413,46.5633218254788
419442,46.7518876388864
419445,131.81593752818
419557,46.7518876388864
421024,99.5047998122065
421040,99.5047998122065
421040,99.5047998122065
421461,60.5716748863691
421461,60.5716748863691
421855,46.5633218254788
421901,46.5633218254788
423587,46.5633218254788
423674,99.5047998122065
423674,99.5047998122065
423986,46.5633218254788
424323,46.5633218254788
424598,99.5047998122065
424800,131.81593752818
425054,46.7518876388864
425440,99.5047998122065
426187,162.818454193073
426443,46.5633218254788
426941,131.81593752818
427770,99.5047998122065
427966,131.81593752818
428051,131.81593752818
428077,99.5047998122065
428715,131.81593752818
429275,46.5633218254788
429436,99.5047998122065
429526,61.7276355529887
429526,61.7276355529887
430042,162.818454193073
430158,60.8169698244583
430268,80.298099998828
430598,46.5633218254788
430809,46.5633218254788
430865,61.7276355529887
430945,162.818454193073
431078,162.818454193073
431137,162.818454193073
431328,99.5047998122065
431574,46.5633218254788
431679,129.440343763452
431978,99.5047998122065
432684,162.818454193073
433552,46.5633218254788
433915,46.5633218254788
434185,99.5047998122065
434323,46.5633218254788
434946,131.81593752818
435474,99.5047998122065
435519,162.818454193073
436587,61.7276355529887
436632,131.81593752818
436922,46.7518876388864
436922,46.7518876388864
436932,162.818454193073
436991,99.5047998122065
437722,162.818454193073
438140,162.818454193073
439128,46.5633218254788
439369,46.5633218254788
439535,211.801608782291
440315,61.7276355529887
440349,99.5047998122065
440349,99.5047998122065
440829,46.7518876388864
440921,99.5047998122065
441393,162.818454193073
442125,162.818454193073
445536,162.818454193073
446160,99.5047998122065
446305,80.298099998828
446324,131.81593752818
447629,80.298099998828
447933,162.818454193073
448222,46.5633218254788
449160,162.818454193073
449468,46.7518876388864
449476,46.7518876388864
449852,46.5633218254788
450996,162.818454193073
451169,60.5716748863691
451774,46.7518876388864
451839,61.7276355529887
451869,131.81593752818
452323,46.7518876388864
452492,60.8169698244583
453013,46.5633218254788
453025,99.5047998122065
453582,61.7276355529887
453611,129.440343763452
453853,99.5047998122065
454143,46.5633218254788
456618,46.7518876388864
456631,131.81593752818
456783,46.5633218254788
457029,46.5633218254788
457053,60.8169698244583
457181,46.7518876388864
458041,99.5047998122065
458182,46.7518876388864
458449,46.7518876388864
459210,99.5047998122065
459543,80.298099998828
460987,60.5716748863691
461199,80.298099998828
461605,61.7276355529887
461644,46.5633218254788
461845,46.7518876388864
462137,61.7276355529887
462336,46.5633218254788
462823,46.7518876388864
463093,80.298099998828
463093,80.298099998828
463093,80.298099998828
463318,171.472132996103
463318,171.472132996103
463318,171.472132996103
463416,61.7276355529887
464090,162.818454193073
464162,131.81593752818
465080,46.7518876388864
466381,129.440343763452
467903,46.5633218254788
467925,99.5047998122065
469565,131.81593752818
471637,162.818454193073
472509,162.818454193073
473006,131.81593752818
473187,162.818454193073
473853,162.818454193073
473944,61.7276355529887
474529,46.5633218254788
474686,61.7276355529887
475058,46.7518876388864
475132,46.7518876388864
476222,131.81593752818
477132,46.7518876388864
477503,131.81593752818
477855,46.5633218254788
478158,46.5633218254788
479057,99.5047998122065
479118,162.818454193073
479603,99.5047998122065
481572,99.5047998122065
483280,61.7276355529887
483534,46.5633218254788
483994,99.5047998122065
484183,99.5047998122065
484742,162.818454193073
485759,162.818454193073
485942,99.5047998122065
486406,46.5633218254788
487008,80.298099998828
488038,46.5633218254788
488128,61.7276355529887
488948,99.5047998122065
490007,61.7276355529887
490056,162.818454193073
490412,46.5633218254788
490571,131.81593752818
490770,131.81593752818
491922,46.7518876388864
492072,162.818454193073
492207,131.81593752818
493087,162.818454193073
493990,46.7518876388864
494087,99.5047998122065
494206,131.81593752818
494965,46.7518876388864
495258,99.5047998122065
495510,162.818454193073
495765,46.7518876388864
496046,99.5047998122065
497270,46.7518876388864
497270,46.7518876388864
497289,46.7518876388864
497549,131.81593752818
497951,131.81593752818
498821,99.5047998122065
499439,46.7518876388864
499738,99.5047998122065
500488,61.7276355529887
501375,60.5716748863691
501573,46.7518876388864
502129,46.7518876388864
502338,60.5716748863691
503458,129.440343763452
503458,129.440343763452
503547,61.7276355529887
503806,61.7276355529887
504489,131.81593752818
504612,211.801608782291
505539,162.818454193073
505645,46.5633218254788
506746,162.818454193073
507484,46.7518876388864
507721,99.5047998122065
509058,211.801608782291
509098,162.818454193073
509482,61.7276355529887
509714,61.7276355529887
511852,99.5047998122065
512335,46.5633218254788
513081,46.7518876388864
513235,46.7518876388864
513269,46.7518876388864
513374,61.7276355529887
513995,99.5047998122065
514183,46.7518876388864
514412,131.81593752818
514705,46.7518876388864
515836,131.81593752818
515987,46.5633218254788
516008,60.8169698244583
516428,46.7518876388864
517907,46.7518876388864
518550,46.5633218254788
519155,99.5047998122065
519852,46.5633218254788
519987,162.818454193073
520361,46.5633218254788
520578,46.7518876388864
520624,211.801608782291
521405,99.5047998122065
521756,162.818454193073
522085,162.818454193073
522702,46.5633218254788
523081,131.81593752818
523532,61.7276355529887
524083,46.7518876388864
524687,46.7518876388864
526056,162.818454193073
527774,46.5633218254788
528651,46.5633218254788
530383,46.7518876388864
530494,46.7518876388864
533218,99.5047998122065
533845,46.5633218254788
535059,131.81593752818
535238,46.5633218254788
535832,131.81593752818
535872,46.5633218254788
536883,46.5633218254788
537624,46.7518876388864
538042,99.5047998122065
538077,162.818454193073
538181,46.7518876388864
538456,131.81593752818
539266,99.5047998122065
539266,99.5047998122065
540532,46.5633218254788
540543,99.5047998122065
540554,61.7276355529887
540903,61.7276355529887
540903,61.7276355529887
541113,46.5633218254788
542467,162.818454193073
542469,46.7518876388864
542779,61.7276355529887
543418,46.5633218254788
544827,162.818454193073
547087,99.5047998122065
547087,99.5047998122065
548419,162.818454193073
548419,162.818454193073
548624,162.818454193073
549737,61.7276355529887
550474,99.5047998122065
551247,99.5047998122065
551315,131.81593752818
553697,131.81593752818
553701,131.81593752818
557632,46.5633218254788
559492,46.5633218254788
561581,131.81593752818
562371,46.5633218254788
562538,162.818454193073
562663,46.7518876388864
567367,61.7276355529887
568561,99.5047998122065
569630,131.81593752818
577086,46.5633218254788
579289,46.7518876388864
579895,131.81593752818
581881,46.7518876388864
583095,61.7276355529887
585906,46.5633218254788
588129,61.7276355529887
589416,162.818454193073
589416,162.818454193073
590509,162.818454193073
595934,131.81593752818
599933,131.81593752818
601335,60.5716748863691
601335,60.5716748863691
602856,131.81593752818
607407,99.5047998122065
612455,80.298099998828
622041,162.818454193073
622625,99.5047998122065
624948,46.7518876388864
627309,131.81593752818
629677,46.7518876388864
639507,99.5047998122065
641339,99.5047998122065
645400,131.81593752818
645970,131.81593752818
652657,46.5633218254788
656343,99.5047998122065
658117,46.5633218254788
662813,80.298099998828
662813,80.298099998828
663536,46.5633218254788
664898,99.5047998122065
665911,131.81593752818
671712,61.7276355529887
672058,99.5047998122065
673317,99.5047998122065
673602,99.5047998122065
674415,131.81593752818
674531,46.7518876388864
681796,80.298099998828
681796,80.298099998828
684234,162.818454193073
684650,162.818454193073
685002,61.7276355529887
685201,131.81593752818
685264,60.5716748863691
686062,61.7276355529887
686806,46.5633218254788
687699,46.5633218254788
692225,162.818454193073
692257,46.7518876388864
692410,61.7276355529887
694566,162.818454193073
695807,60.5716748863691
696781,99.5047998122065
699607,131.81593752818
701161,162.818454193073
701738,61.7276355529887
703468,46.7518876388864
706936,162.818454193073
712588,60.8169698244583
723096,46.7518876388864
732821,60.5716748863691
733417,162.818454193073
740520,131.81593752818
747027,60.8169698244583
748763,46.7518876388864
749277,162.818454193073
753644,162.818454193073
755423,131.81593752818
760001,99.5047998122065
761897,60.5716748863691
761897,60.5716748863691
762390,162.818454193073
762910,99.5047998122065
770512,61.7276355529887
771765,131.81593752818
772300,61.7276355529887
772999,162.818454193073
779105,131.81593752818
779446,131.81593752818
779932,46.7518876388864
782133,46.5633218254788
783257,61.7276355529887
784536,99.5047998122065
791192,61.7276355529887
792584,162.818454193073
797224,46.7518876388864
802538,99.5047998122065
810068,61.7276355529887
810551,131.81593752818
819230,129.440343763452
819928,80.298099998828
820897,162.818454193073
823079,80.298099998828
825061,46.7518876388864
828029,162.818454193073
831038,46.7518876388864
835954,61.7276355529887
837603,211.801608782291
837603,211.801608782291
837603,211.801608782291
837603,211.801608782291
837603,211.801608782291
839766,60.5716748863691
842484,131.81593752818
844560,61.7276355529887
846054,80.298099998828
848133,46.7518876388864
848147,46.5633218254788
858069,61.7276355529887
861502,60.8169698244583
861943,46.5633218254788
862205,131.81593752818
863384,162.818454193073
863519,46.5633218254788
864708,46.5633218254788
865312,99.5047998122065
866532,171.472132996103
867412,60.8169698244583
867412,60.8169698244583
867412,60.8169698244583
867412,60.8169698244583
867412,60.8169698244583
867412,60.8169698244583
870212,162.818454193073
870820,162.818454193073
871615,61.7276355529887
871844,162.818454193073
873827,162.818454193073
875438,46.7518876388864
879930,46.5633218254788
881182,46.7518876388864
886508,46.7518876388864
887009,99.5047998122065
890871,46.7518876388864
893419,46.7518876388864
895482,61.7276355529887
895959,162.818454193073
896238,61.7276355529887
901277,46.5633218254788
909591,61.7276355529887
909779,162.818454193073
912140,131.81593752818
915078,131.81593752818
917162,131.81593752818
917295,61.7276355529887
921393,162.818454193073
933333,131.81593752818
933959,46.5633218254788
934043,162.818454193073
936595,162.818454193073
942987,162.818454193073
955798,60.5716748863691
955991,61.7276355529887
956493,131.81593752818
964582,46.5633218254788
968410,131.81593752818
970333,61.7276355529887
970670,99.5047998122065
976419,46.5633218254788
980935,46.5633218254788
992884,131.81593752818
994026,131.81593752818
994254,162.818454193073
998452,162.818454193073
999381,46.5633218254788
1000030,131.81593752818
1001691,162.818454193073
1004010,162.818454193073
1016751,46.7518876388864
1022088,211.801608782291
1022092,60.5716748863691
1026999,61.7276355529887
1028179,162.818454193073
1032144,162.818454193073
1033661,46.7518876388864
1033959,46.7518876388864
1034647,46.5633218254788
1036926,99.5047998122065
1040958,46.5633218254788
1046802,61.7276355529887
1048985,61.7276355529887
1049633,46.7518876388864
1050654,162.818454193073
1052076,60.8169698244583
1052945,61.7276355529887
1054529,99.5047998122065
1054844,131.81593752818
1055943,99.5047998122065
1055943,99.5047998122065
1056066,162.818454193073
1057892,162.818454193073
1059484,46.7518876388864
1060564,80.298099998828
1065297,99.5047998122065
1071280,46.7518876388864
1071792,46.5633218254788
1071792,46.5633218254788
1073795,46.5633218254788
1075464,162.818454193073
1085173,211.801608782291
1090478,162.818454193073
1091090,60.8169698244583
1091634,46.5633218254788
1096917,80.298099998828
1100518,131.81593752818
1100827,61.7276355529887
1102452,46.5633218254788
1105704,46.5633218254788
1106847,46.5633218254788
1111448,46.7518876388864
1111692,162.818454193073
1111692,162.818454193073
1117041,61.7276355529887
1118507,162.818454193073
1118909,211.801608782291
1119268,46.5633218254788
1120955,162.818454193073
1120955,162.818454193073
1120955,162.818454193073
1121933,80.298099998828
1122226,171.472132996103
1136030,131.81593752818
1137412,46.5633218254788
1154068,131.81593752818
1155960,162.818454193073
1162118,46.7518876388864
1167866,46.5633218254788
1184090,99.5047998122065
1186070,61.7276355529887
1186114,131.81593752818
1190548,46.5633218254788
1193162,162.818454193073
1196557,162.818454193073
1200651,131.81593752818
1200674,99.5047998122065
1204910,46.5633218254788
1205411,46.5633218254788
1207387,162.818454193073
1207446,211.801608782291
1207920,162.818454193073
1208618,46.7518876388864
1208935,46.5633218254788
1208935,46.5633218254788
1211710,162.818454193073
1211835,131.81593752818
1212152,61.7276355529887
1213139,46.7518876388864
1214833,99.5047998122065
1216055,46.5633218254788
1216307,131.81593752818
1217977,162.818454193073
1219109,46.7518876388864
1219807,46.7518876388864
1225100,211.801608782291
1225537,46.7518876388864
1226083,46.5633218254788
1227750,162.818454193073
1231290,131.81593752818
1236238,129.440343763452
1236947,61.7276355529887
1239765,46.5633218254788
1239783,162.818454193073
1242120,99.5047998122065
1244187,99.5047998122065
1246334,46.5633218254788
1256052,46.5633218254788
1256447,99.5047998122065
1262567,46.7518876388864
1264636,162.818454193073
1267053,46.5633218254788
1278666,131.81593752818
1283244,129.440343763452
1286830,162.818454193073
1288372,99.5047998122065
1299862,46.5633218254788
1303891,131.81593752818
1315046,46.7518876388864
1329653,46.7518876388864
1342375,46.5633218254788
1364606,211.801608782291
1379380,162.818454193073
1396936,61.7276355529887
1405562,99.5047998122065
1412660,46.5633218254788
1426368,61.7276355529887
1431614,162.818454193073
1433511,61.7276355529887
1444429,162.818454193073
1444559,162.818454193073
1523751,162.818454193073
1552150,131.81593752818
1555917,162.818454193073
1563015,162.818454193073
1568767,60.5716748863691
1568767,60.5716748863691
1568784,131.81593752818
1568915,46.7518876388864
1569042,61.7276355529887
1569151,46.5633218254788
1569256,61.7276355529887
1569421,61.7276355529887
1569636,46.5633218254788
1572960,211.801608782291
1572960,211.801608782291
1574128,131.81593752818
1601029,46.5633218254788
1607774,162.818454193073
1625073,211.801608782291
1625073,211.801608782291
1625073,211.801608782291
1629887,99.5047998122065
1635658,162.818454193073
1636229,99.5047998122065
1645975,162.818454193073
1648258,61.7276355529887
1649058,162.818454193073
1652163,61.7276355529887
1653431,162.818454193073
1661059,46.5633218254788
1669352,46.5633218254788
1672737,211.801608782291
1675903,61.7276355529887
1686484,46.7518876388864
1689191,131.81593752818
1689552,61.7276355529887
1694614,46.7518876388864
1694940,61.7276355529887
1694940,61.7276355529887
1695713,46.7518876388864
1697569,99.5047998122065
1698999,61.7276355529887
1704221,46.5633218254788
1711117,46.7518876388864
1715865,162.818454193073
1716518,61.7276355529887
1717957,162.818454193073
1720211,46.7518876388864
1720659,46.5633218254788
1725897,46.5633218254788
1728747,171.472132996103
1742810,99.5047998122065
1758096,162.818454193073
1758096,162.818454193073
1774727,162.818454193073
1808441,162.818454193073
1808760,99.5047998122065
1813447,61.7276355529887
1815660,80.298099998828
1827934,46.5633218254788
1827985,46.7518876388864
1827985,46.7518876388864
1829418,61.7276355529887
1839049,162.818454193073
1859820,80.298099998828
1859820,80.298099998828
1889603,99.5047998122065
1924501,131.81593752818
1959932,46.5633218254788
1974242,46.7518876388864
1981925,46.7518876388864
1984261,46.5633218254788
2055824,61.7276355529887
2065726,46.7518876388864
2074545,162.818454193073
2085826,162.818454193073
2110440,46.5633218254788
2115371,171.472132996103
2119873,46.7518876388864
2120052,162.818454193073
2122069,162.818454193073
2123797,46.5633218254788
2124264,46.5633218254788
2126866,46.7518876388864
2131595,46.5633218254788
2131687,162.818454193073
2140608,162.818454193073
2147479,211.801608782291
2153095,80.298099998828
2154233,162.818454193073
2156907,162.818454193073
2163432,46.5633218254788
2163903,99.5047998122065
2167605,46.7518876388864
2168248,162.818454193073
2169875,46.7518876388864
2173082,46.7518876388864
2176756,171.472132996103
2196416,46.5633218254788
2205439,162.818454193073
2231893,162.818454193073
2231918,61.7276355529887
2262271,60.5716748863691
2269103,46.5633218254788
2270964,131.81593752818
2271721,46.5633218254788
2287533,162.818454193073
2308358,162.818454193073
2341573,162.818454193073
2350509,162.818454193073
2353245,171.472132996103
2366952,61.7276355529887
2375649,80.298099998828
2393418,61.7276355529887
2423758,131.81593752818
2430863,131.81593752818
2435283,46.5633218254788
2449377,171.472132996103
2466443,131.81593752818
2468308,61.7276355529887
2472540,46.5633218254788
2477748,46.5633218254788
2487962,162.818454193073
2488063,46.7518876388864
2488323,99.5047998122065
2488428,61.7276355529887
2488452,99.5047998122065
2488942,46.5633218254788
2489689,46.5633218254788
2489835,46.7518876388864
2490125,99.5047998122065
2490566,46.7518876388864
2490953,61.7276355529887
2491028,46.7518876388864
2492072,99.5047998122065
2492178,162.818454193073
2492214,99.5047998122065
2492479,171.472132996103
2492922,61.7276355529887
2492945,46.7518876388864
2493004,131.81593752818
2493142,46.7518876388864
2493208,46.5633218254788
2493225,46.5633218254788
2493455,61.7276355529887
2493622,99.5047998122065
2493727,99.5047998122065
2493838,61.7276355529887
2493851,46.5633218254788
2494948,131.81593752818
2496036,99.5047998122065
2496148,61.7276355529887
2496589,46.5633218254788
2496717,99.5047998122065
2497138,60.5716748863691
2497142,46.5633218254788
2497654,46.5633218254788
2497716,46.7518876388864
2497735,99.5047998122065
2498040,61.7276355529887
2500111,99.5047998122065
2500111,99.5047998122065
2500139,162.818454193073
2500542,99.5047998122065
2501346,46.5633218254788
2501727,46.7518876388864
2501900,131.81593752818
2503061,61.7276355529887
2503374,61.7276355529887
2503410,46.7518876388864
2503602,46.5633218254788
2505525,46.5633218254788
2505719,46.7518876388864
2505740,162.818454193073
2506500,162.818454193073
2506503,61.7276355529887
2506673,131.81593752818
2506763,61.7276355529887
2506772,61.7276355529887
2507486,46.5633218254788
2507645,131.81593752818
2508254,46.5633218254788
2508536,46.7518876388864
2508662,46.5633218254788
2509001,162.818454193073
2509001,162.818454193073
2509027,60.8169698244583
2509027,60.8169698244583
2509337,162.818454193073
2509655,131.81593752818
2509853,99.5047998122065
2510416,162.818454193073
2510487,162.818454193073
2510888,46.7518876388864
2511206,162.818454193073
2511677,99.5047998122065
2512090,46.5633218254788
2512512,46.5633218254788
2512944,131.81593752818
2514340,46.7518876388864
2514644,46.5633218254788
2514683,162.818454193073
2515682,46.5633218254788
2515823,60.5716748863691
2516074,129.440343763452
2516208,131.81593752818
2516278,46.7518876388864
2516538,99.5047998122065
2516604,162.818454193073
2517219,46.5633218254788
2517976,61.7276355529887
2518464,131.81593752818
2518657,162.818454193073
2519631,61.7276355529887
2519741,46.5633218254788
2519839,162.818454193073
2519972,80.298099998828
2520274,131.81593752818
2520504,162.818454193073
2520541,162.818454193073
2520675,131.81593752818
2520742,61.7276355529887
2521532,99.5047998122065
2521834,99.5047998122065
2521853,46.7518876388864
2521896,162.818454193073
2522257,162.818454193073
2522704,131.81593752818
2523503,46.5633218254788
2524178,61.7276355529887
2525512,162.818454193073
2525527,46.7518876388864
2526105,46.5633218254788
2527394,99.5047998122065
2527414,46.5633218254788
2527511,60.5716748863691
2527515,162.818454193073
2527761,46.5633218254788
2528339,60.5716748863691
2528929,99.5047998122065
2529043,99.5047998122065
2529713,46.7518876388864
2531560,162.818454193073
2532201,131.81593752818
2532290,131.81593752818
2533040,46.7518876388864
2533216,162.818454193073
2535050,99.5047998122065
2535593,99.5047998122065
2535977,162.818454193073
2536183,61.7276355529887
2537499,46.7518876388864
2537562,60.8169698244583
2537884,131.81593752818
2538414,80.298099998828
2538494,171.472132996103
2538755,131.81593752818
2539017,61.7276355529887
2539176,61.7276355529887
2539429,46.5633218254788
2539975,131.81593752818
2540176,46.5633218254788
2540917,162.818454193073
2542090,61.7276355529887
2542098,46.7518876388864
2542359,61.7276355529887
2543046,61.7276355529887
2543048,131.81593752818
2544353,46.7518876388864
2544909,162.818454193073
2544909,162.818454193073
2545035,171.472132996103
2545389,61.7276355529887
2545533,129.440343763452
2545533,129.440343763452
2545533,129.440343763452
2545848,80.298099998828
2547263,60.5716748863691
2549966,46.5633218254788
2550064,46.5633218254788
2550220,129.440343763452
2550608,162.818454193073
2550699,61.7276355529887
2550857,171.472132996103
2550857,171.472132996103
2550886,46.5633218254788
2551066,99.5047998122065
2551129,162.818454193073
2554097,61.7276355529887
2557374,99.5047998122065
2557621,131.81593752818
2557621,131.81593752818
2557621,131.81593752818
2557621,131.81593752818
2557621,131.81593752818
2558024,99.5047998122065
2558120,211.801608782291
2558303,46.7518876388864
2558662,80.298099998828
2558966,162.818454193073
2565218,171.472132996103
2570794,171.472132996103
2597234,162.818454193073
2600722,60.5716748863691
2602920,162.818454193073
2605301,46.5633218254788
2605489,99.5047998122065
2606253,162.818454193073
2607127,46.7518876388864
2608455,99.5047998122065
2608902,99.5047998122065
2612330,162.818454193073
2613377,61.7276355529887
2613923,162.818454193073
2614303,46.5633218254788
2615673,131.81593752818
2620280,131.81593752818
2620395,61.7276355529887
2622176,46.5633218254788
2622310,46.5633218254788
2622449,61.7276355529887
2622722,131.81593752818
2623700,131.81593752818
2626571,46.5633218254788
2627025,61.7276355529887
2627180,99.5047998122065
2627385,162.818454193073
2627532,46.5633218254788
2627623,46.5633218254788
2628295,99.5047998122065
2628362,80.298099998828
2628549,211.801608782291
2628549,211.801608782291
2628585,61.7276355529887
2629221,60.8169698244583
2629221,60.8169698244583
2629802,46.5633218254788
2630124,46.5633218254788
2631385,46.7518876388864
2631912,131.81593752818
2632457,46.5633218254788
2632567,162.818454193073
2632637,46.7518876388864
2633060,61.7276355529887
2633138,131.81593752818
2633178,60.8169698244583
2633634,99.5047998122065
2633656,46.7518876388864
2633915,131.81593752818
2634023,61.7276355529887
2634023,61.7276355529887
2635693,131.81593752818
2637121,131.81593752818
2637243,99.5047998122065
2637995,162.818454193073
2638719,46.5633218254788
2638925,211.801608782291
2638925,211.801608782291
2639451,162.818454193073
2639451,162.818454193073
2639509,131.81593752818
2639542,162.818454193073
2641089,46.5633218254788
2641169,131.81593752818
2641474,46.5633218254788
2643682,46.5633218254788
2644721,99.5047998122065
2645860,162.818454193073
2646115,46.5633218254788
2646317,60.8169698244583
2646535,60.5716748863691
2646732,162.818454193073
2648302,61.7276355529887
2648675,99.5047998122065
2648757,162.818454193073
2649792,162.818454193073
2650107,61.7276355529887
2650202,60.8169698244583
2650202,60.8169698244583
2650202,60.8169698244583
2653173,162.818454193073
2653455,162.818454193073
2653547,99.5047998122065
2654179,131.81593752818
2654781,99.5047998122065
2655855,46.7518876388864
2656617,46.5633218254788
2656708,46.5633218254788
2657288,60.8169698244583
2657288,60.8169698244583
2657386,46.5633218254788
2659262,162.818454193073
2659823,60.5716748863691
2659994,46.5633218254788
2659994,46.5633218254788
2660045,129.440343763452
2660280,211.801608782291
2660280,211.801608782291
2660507,162.818454193073
2660688,162.818454193073
2661168,131.81593752818
2661544,61.7276355529887
2662712,61.7276355529887
2662910,46.7518876388864
2663835,99.5047998122065
2663835,99.5047998122065
2663923,162.818454193073
2664390,46.5633218254788
2664600,131.81593752818
2665122,46.5633218254788
2665423,171.472132996103
2666287,46.5633218254788
2666779,61.7276355529887
2666925,131.81593752818
2667372,162.818454193073
2667548,162.818454193073
2669011,46.7518876388864
2669549,162.818454193073
2669549,162.818454193073
2669650,131.81593752818
2669654,129.440343763452
2669838,131.81593752818
2670335,162.818454193073
2671116,61.7276355529887
2671116,61.7276355529887
2671189,61.7276355529887
2671316,46.5633218254788
2671729,162.818454193073
2672451,46.7518876388864
2672809,46.7518876388864
2674253,46.5633218254788
2675298,61.7276355529887
2676034,46.7518876388864
2676436,162.818454193073
2676443,171.472132996103
2677649,162.818454193073
2679364,61.7276355529887
2679364,61.7276355529887
2679613,129.440343763452
2679613,129.440343763452
2679855,80.298099998828
2680100,46.7518876388864
2680619,131.81593752818
2681133,61.7276355529887
2681133,61.7276355529887
2681254,46.5633218254788
2681658,131.81593752818
2682147,80.298099998828
2682147,80.298099998828
2682147,80.298099998828
2682917,211.801608782291
2682917,211.801608782291
2685294,46.7518876388864
2685824,46.5633218254788
2687219,131.81593752818
2695109,131.81593752818
2695120,99.5047998122065
2699995,80.298099998828
2701361,129.440343763452
2701562,46.5633218254788
2702090,131.81593752818
2702337,46.5633218254788
2703441,46.5633218254788
2703786,99.5047998122065
2704088,60.8169698244583
2704340,61.7276355529887
2704421,46.7518876388864
2704462,61.7276355529887
2704485,162.818454193073
2704521,46.7518876388864
2704670,131.81593752818
2704888,162.818454193073
2705081,99.5047998122065
2708018,131.81593752818
2708311,46.7518876388864
2708324,46.7518876388864
2708517,60.5716748863691
2708758,171.472132996103
2708760,46.5633218254788
2708797,60.5716748863691
2708797,60.5716748863691
2708797,60.5716748863691
2708797,60.5716748863691
2708947,60.8169698244583
2709032,46.5633218254788
2709338,162.818454193073
2709531,80.298099998828
2709598,162.818454193073
2709694,162.818454193073
2710035,46.5633218254788
2710169,129.440343763452
2710169,129.440343763452
2710802,46.5633218254788
2710916,131.81593752818
2710950,162.818454193073
2711373,99.5047998122065
2711578,131.81593752818
2711702,46.5633218254788
2711738,46.5633218254788
2712018,99.5047998122065
2712940,131.81593752818
2712994,60.5716748863691
2713272,211.801608782291
2713284,99.5047998122065
2713962,46.5633218254788
2714077,162.818454193073
2714205,60.5716748863691
2714448,131.81593752818
2714741,46.5633218254788
2714874,162.818454193073
2714942,80.298099998828
2715477,162.818454193073
2715517,46.5633218254788
2715981,99.5047998122065
2716029,46.7518876388864
2716424,46.7518876388864
2716872,99.5047998122065
2716927,46.7518876388864
2717191,61.7276355529887
2717391,211.801608782291
2717924,162.818454193073
2719086,131.81593752818
2719421,129.440343763452
2719779,162.818454193073
2720225,99.5047998122065
2720719,162.818454193073
2720880,61.7276355529887
2720929,46.5633218254788
2721147,61.7276355529887
2721582,46.5633218254788
2721794,99.5047998122065
2722237,80.298099998828
2722237,80.298099998828
2722491,99.5047998122065
2722549,162.818454193073
2722549,162.818454193073
2722576,61.7276355529887
2722609,80.298099998828
2722621,46.7518876388864
2722633,99.5047998122065
2722730,60.8169698244583
2722730,60.8169698244583
2722811,162.818454193073
2723063,162.818454193073
2723177,99.5047998122065
2723287,60.5716748863691
2723697,99.5047998122065
2723711,162.818454193073
2723751,46.5633218254788
2724063,162.818454193073
2724182,162.818454193073
2724577,162.818454193073
2724871,131.81593752818
2724923,99.5047998122065
2725166,99.5047998122065
2725743,211.801608782291
2725743,211.801608782291
2725787,131.81593752818
2726174,131.81593752818
2727048,46.7518876388864
2727138,61.7276355529887
2727164,162.818454193073
2727260,171.472132996103
2727278,162.818454193073
2727457,60.5716748863691
2727510,131.81593752818
2728324,131.81593752818
2728574,61.7276355529887
2728785,46.5633218254788
2728805,99.5047998122065
2728824,131.81593752818
2729252,60.5716748863691
2729673,162.818454193073
2729952,46.5633218254788
2730000,46.7518876388864
2730331,162.818454193073
2730401,162.818454193073
2730569,131.81593752818
2730612,99.5047998122065
2730648,46.5633218254788
2731780,99.5047998122065
2732314,99.5047998122065
2732575,61.7276355529887
2732622,46.5633218254788
2732622,46.5633218254788
2732681,80.298099998828
2732997,99.5047998122065
2733087,60.5716748863691
2733208,46.5633218254788
2733693,60.5716748863691
2734114,61.7276355529887
2734818,162.818454193073
2734933,131.81593752818
2735144,46.5633218254788
2735262,61.7276355529887
2735374,60.5716748863691
2735634,46.5633218254788
2735651,46.5633218254788
2735980,80.298099998828
2736000,131.81593752818
2736112,46.5633218254788
2736376,99.5047998122065
2736376,99.5047998122065
2736604,60.5716748863691
2736628,131.81593752818
2737101,80.298099998828
2737229,99.5047998122065
2737229,99.5047998122065
2738008,162.818454193073
2738102,61.7276355529887
2738119,46.5633218254788
2738868,46.7518876388864
2739035,61.7276355529887
2739576,131.81593752818
2739576,131.81593752818
2739576,131.81593752818
2739576,131.81593752818
2739576,131.81593752818
2739576,131.81593752818
2740041,61.7276355529887
2740146,162.818454193073
2740206,171.472132996103
2740258,46.5633218254788
2740522,60.5716748863691
2740522,60.5716748863691
2740834,171.472132996103
2740988,162.818454193073
2741091,99.5047998122065
2741132,46.5633218254788
2741132,46.5633218254788
2741169,162.818454193073
2741385,99.5047998122065
2741816,61.7276355529887
2741823,61.7276355529887
2742413,61.7276355529887
2743197,99.5047998122065
2743271,162.818454193073
2743766,162.818454193073
2743766,162.818454193073
2743766,162.818454193073
2744201,46.5633218254788
2744399,60.5716748863691
2744465,129.440343763452
2744499,171.472132996103
2744499,171.472132996103
2744552,99.5047998122065
2744669,46.5633218254788
2744793,46.5633218254788
2744843,162.818454193073
2744876,46.7518876388864
2745322,60.5716748863691
2745514,46.5633218254788
2746447,61.7276355529887
2746664,46.7518876388864
2746763,211.801608782291
2746858,46.7518876388864
2747076,131.81593752818
2747076,131.81593752818
2747320,211.801608782291
2747320,211.801608782291
2747671,60.5716748863691
2747701,171.472132996103
2747903,131.81593752818
2748365,80.298099998828
2748575,129.440343763452
2748922,80.298099998828
2749322,131.81593752818
2749542,60.5716748863691
2749734,162.818454193073
2749734,162.818454193073
2749825,131.81593752818
2750597,162.818454193073
2750880,61.7276355529887
2750880,61.7276355529887
2751190,61.7276355529887
2751245,162.818454193073
2751754,162.818454193073
2751911,80.298099998828
2751955,46.7518876388864
2752137,131.81593752818
2752137,131.81593752818
2752260,61.7276355529887
2753395,131.81593752818
2753395,131.81593752818
2753483,162.818454193073
2753549,162.818454193073
2753832,162.818454193073
2755272,46.5633218254788
2755297,99.5047998122065
2755953,131.81593752818
2758117,162.818454193073
2758442,80.298099998828
2758965,99.5047998122065
2759044,171.472132996103
2759737,162.818454193073
2759946,60.5716748863691
2760957,60.5716748863691
2761036,129.440343763452
2761036,129.440343763452
2761135,60.5716748863691
2761290,60.8169698244583
2761375,60.5716748863691
2761610,162.818454193073
2761610,162.818454193073
2762510,60.8169698244583
2762907,162.818454193073
2762950,131.81593752818
2763067,46.5633218254788
2763177,60.5716748863691
2763256,46.5633218254788
2763835,162.818454193073
2763945,131.81593752818
2763988,60.5716748863691
2764683,129.440343763452
2764683,129.440343763452
2764683,129.440343763452
2764683,129.440343763452
2764925,60.8169698244583
2765409,61.7276355529887
2765887,46.7518876388864
2766647,211.801608782291
2767583,80.298099998828
2767583,80.298099998828
2767610,131.81593752818
2767795,80.298099998828
2768259,46.5633218254788
2768418,80.298099998828
2768427,61.7276355529887
2768528,129.440343763452
2768987,99.5047998122065
2769109,211.801608782291
2769109,211.801608782291
2769193,61.7276355529887
2769202,211.801608782291
2769224,162.818454193073
2769657,46.5633218254788
2769713,129.440343763452
2769753,162.818454193073
2770249,46.7518876388864
