"","ID","X","Y","anglerType"
"1",707283,-96.070988,41.228797,"Bass"
"2",707894,-97.296232,40.652768,"Bass"
"3",708190,-96.699236,40.776511,"Walleye-Sauger"
"4",708626,-96.781713,40.831585,"Sunfish"
"5",709249,-98.347973,40.914756,"Sunfish"
"6",709305,-98.413842,40.938163,"Sunfish"
"7",709551,-99.081895,40.691657,"Sunfish"
"8",709906,-97.866421,40.609654,"Catfish"
"9",707533,-96.159492,41.187738,"Sunfish"
"10",707576,-96.152001,41.196978,"Sunfish"
"11",709312,-99.305741,40.844438,"Sunfish"
"12",709406,-98.033882,41.119028,"Walleye-Sauger"
"13",710085,-100.792432,41.124653,"Walleye-Sauger"
"14",707136,-96.046785,41.252641,"Bass"
"15",707500,-96.168997,41.208157,"Walleye-Sauger"
"16",708487,-96.654771,40.749363,"Walleye-Sauger"
"17",708952,-97.460961,42.728757,"Bass"
"18",710462,-102.203184,42.81584,"Sunfish"
"19",706908,-96.71965,42.107696,"Walleye-Sauger"
"20",707193,-96.169947,41.261465,"Walleye-Sauger"
"21",708187,-96.695078,40.770618,"Walleye-Sauger"
"22",710226,-101.739658,41.127156,"Walleye-Sauger"
"23",710239,-101.353816,41.126579,"Walleye-Sauger"
"24",706622,-96.141475,41.328113,"Walleye-Sauger"
"25",706720,-96.204388,41.272121,"Walleye-Sauger"
"26",706972,-96.353044,41.331118,"Walleye-Sauger"
"27",706988,-96.615141,41.216668,"Bass"
"28",707805,-96.426908,40.31061,"Bass"
"29",707917,-96.443141,40.962865,"Bass"
"30",707943,-97.081446,40.187639,"Catfish"
"31",707947,-97.597112,40.74383,"Walleye-Sauger"
"32",708064,-97.079202,40.379831,"Catfish"
"33",708118,-97.141286,40.45479,"Catfish"
"34",708119,-96.967239,40.477545,"Bass"
"35",708547,-96.729934,40.859637,"Walleye-Sauger"
"36",708701,-97.360895,41.44655,"Catfish"
"37",709016,-98.427169,42.879248,"Catfish"
"38",709106,-97.247427,42.809797,"Sunfish"
"39",709643,-98.829423,41.119529,"Catfish"
"40",709742,-98.389221,40.595518,"Walleye-Sauger"
"41",710101,-100.365781,41.023797,"Catfish"
"42",710223,-101.670281,41.206828,"Sunfish"
"43",710278,-102.983406,41.121701,"Walleye-Sauger"
"44",710380,-102.875296,42.106569,"Walleye-Sauger"
"45",707975,-96.282061,40.928548,"Bass"
"46",708184,-96.675126,40.771621,"Bass"
"47",708362,-96.641175,40.808292,"Sunfish"
"48",709182,-96.705195,41.84878,"Sunfish"
"49",710221,-101.716863,41.084304,"Walleye-Sauger"
"50",710414,-102.995235,42.828503,"Walleye-Sauger"
"51",706842,-96.157358,40.998131,"Sunfish"
"52",708087,-95.757621,40.131188,"Sunfish"
"53",707868,-97.176682,40.144148,"Sunfish"
"54",709138,-99.138522,42.601442,"Sunfish"
"55",709799,-97.903403,40.437575,"Walleye-Sauger"
"56",706615,-96.141711,41.329469,"Sunfish"
"57",706884,-95.978567,41.10911,"Bass"
"58",706956,-96.111749,41.054393,"Bass"
"59",707380,-95.977662,41.264818,"Sunfish"
"60",707593,-96.146231,41.185083,"Catfish"
"61",707624,-96.127366,41.2322,"Walleye-Sauger"
"62",707737,-95.848291,40.404907,"Bass"
"63",707951,-96.847811,40.871814,"Bass"
"64",707987,-95.872022,40.680577,"Walleye-Sauger"
"65",707988,-95.878067,40.662339,"Catfish"
"66",708022,-96.760572,40.963303,"Catfish"
"67",708045,-97.142942,40.945148,"Walleye-Sauger"
"68",708196,-96.67907,40.874998,"Bass"
"69",708289,-96.658891,40.771878,"Sunfish"
"70",708385,-96.687495,40.727683,"Walleye-Sauger"
"71",708601,-96.603757,40.75958,"Bass"
"72",708722,-97.246923,41.337498,"Bass"
"73",708782,-97.009581,41.724948,"Bass"
"74",708897,-96.838268,42.467717,"Sunfish"
"75",708911,-97.595182,41.994598,"Walleye-Sauger"
"76",709074,-97.595468,42.361249,"Bass"
"77",709227,-98.279555,40.938204,"Walleye-Sauger"
"78",709286,-98.408682,40.935743,"Catfish"
"79",709646,-98.417121,41.075498,"Bass"
"80",709836,-99.406681,40.365187,"Walleye-Sauger"
"81",709889,-98.522992,40.093018,"Sunfish"
"82",710154,-100.150732,40.939093,"Sunfish"
"83",710329,-100.561202,42.874442,"Bass"
"84",706559,-96.357762,41.447953,"Bass"
"85",706586,-95.928322,41.185123,"Catfish"
"86",706796,-96.235711,41.141898,"Catfish"
"87",706841,-96.161798,40.997426,"Sunfish"
"88",707028,-95.998308,41.296088,"Bass"
"89",707470,-96.160046,41.2105,"Bass"
"90",707516,-96.174522,41.178293,"Bass"
"91",707554,-96.112171,41.192946,"Walleye-Sauger"
"92",707556,-96.144816,41.195768,"Sunfish"
"93",707779,-97.282966,40.777551,"Catfish"
"94",708043,-97.102351,40.906958,"Bass"
"95",708084,-97.347185,40.888581,"Bass"
"96",708149,-97.578118,40.860911,"Bass"
"97",708172,-96.688282,40.785388,"Walleye-Sauger"
"98",708213,-96.652912,40.840571,"Bass"
"99",708239,-96.610809,40.787504,"Bass"
"100",708281,-96.659492,40.750124,"Sunfish"
"101",708323,-96.619678,40.839949,"Bass"
"102",708440,-96.628529,40.768244,"Walleye-Sauger"
"103",708442,-96.662678,40.75043,"Bass"
"104",708444,-96.62305,40.761213,"Sunfish"
"105",708446,-96.618004,40.721844,"Walleye-Sauger"
"106",708447,-96.620267,40.732106,"Catfish"
"107",708524,-96.692175,40.84855,"Sunfish"
"108",708674,-97.352485,41.442941,"Walleye-Sauger"
"109",708681,-97.408082,41.479324,"Walleye-Sauger"
"110",708833,-97.59405,41.116056,"Bass"
"111",708910,-97.59836,41.998656,"Walleye-Sauger"
"112",708965,-96.657972,42.298456,"Sunfish"
"113",709171,-97.010832,42.239112,"Walleye-Sauger"
"114",709281,-98.374495,40.934741,"Sunfish"
"115",709481,-99.095992,40.681968,"Bass"
"116",709535,-99.058092,40.719798,"Walleye-Sauger"
"117",709615,-99.521897,40.753582,"Walleye-Sauger"
"118",709821,-99.011252,40.321428,"Walleye-Sauger"
"119",709835,-99.365876,40.443881,"Catfish"
"120",709853,-98.508432,40.5901,"Bass"
"121",709930,-100.615343,40.203473,"Bass"
"122",709967,-100.516947,40.631331,"Catfish"
"123",710120,-99.938255,40.92845,"Walleye-Sauger"
"124",710369,-102.974985,42.24038,"Walleye-Sauger"
"125",710371,-102.873648,42.098368,"Walleye-Sauger"
"126",710373,-102.870928,42.102378,"Catfish"
"127",706661,-96.950172,41.278379,"Sunfish"
"128",707405,-96.006389,41.152408,"Bass"
"129",707762,-96.731236,40.269521,"Bass"
"130",708040,-97.006019,40.901248,"Walleye-Sauger"
"131",708923,-98.584627,42.843991,"Sunfish"
"132",709480,-99.099261,40.719917,"Sunfish"
"133",706694,-96.227924,41.288558,"Bass"
"134",706698,-96.253101,41.254264,"Walleye-Sauger"
"135",706700,-96.212795,41.286451,"Catfish"
"136",706746,-96.512972,41.459088,"Catfish"
"137",706747,-96.517,41.457488,"Sunfish"
"138",706755,-96.489476,41.436006,"Bass"
"139",706875,-96.048348,41.166664,"Walleye-Sauger"
"140",706919,-95.885191,40.919238,"Sunfish"
"141",707092,-95.938658,41.226861,"Bass"
"142",707147,-96.174945,41.312432,"Walleye-Sauger"
"143",707230,-96.007425,41.153243,"Walleye-Sauger"
"144",707620,-96.087557,41.238278,"Bass"
"145",707664,-96.11303,41.269404,"Bass"
"146",707820,-97.806872,40.312903,"Catfish"
"147",707935,-96.634922,40.628168,"Sunfish"
"148",708039,-96.752581,40.815584,"Walleye-Sauger"
"149",708144,-97.577622,40.880923,"Walleye-Sauger"
"150",708167,-96.717802,40.784589,"Walleye-Sauger"
"151",708318,-96.600079,40.839703,"Sunfish"
"152",708321,-96.613471,40.840238,"Sunfish"
"153",708340,-96.700752,40.805823,"Catfish"
"154",708350,-96.621572,40.805263,"Bass"
"155",708435,-96.618135,40.745774,"Catfish"
"156",708724,-97.050952,41.133253,"Walleye-Sauger"
"157",708860,-97.461472,42.053924,"Bass"
"158",709099,-97.360292,42.378702,"Walleye-Sauger"
"159",709213,-98.282011,41.031868,"Walleye-Sauger"
"160",709216,-98.363161,40.896158,"Walleye-Sauger"
"161",709277,-98.406218,40.885351,"Walleye-Sauger"
"162",709278,-98.404518,40.883791,"Bass"
"163",709343,-98.006508,40.863847,"Catfish"
"164",709411,-98.566064,41.205833,"Sunfish"
"165",709474,-99.092007,40.654805,"Walleye-Sauger"
"166",709529,-99.081655,40.776757,"Walleye-Sauger"
"167",709562,-99.692125,40.74964,"Walleye-Sauger"
"168",709714,-98.369075,40.59097,"Sunfish"
"169",709867,-98.968757,40.498179,"Walleye-Sauger"
"170",709895,-98.556467,40.472728,"Bass"
"171",710211,-101.749784,41.130793,"Walleye-Sauger"
"172",710317,-100.547819,42.879718,"Catfish"
"173",710363,-102.868285,42.1073,"Sunfish"
"174",710876,-104.765026,38.967714,"Walleye-Sauger"
"175",707981,-95.867382,40.680529,"Bass"
"176",709528,-99.060802,40.741973,"Walleye-Sauger"
"177",710473,-102.748692,42.626492,"Bass"
"178",706865,-96.060166,41.130843,"Bass"
"179",706950,-96.125938,41.07848,"Sunfish"
"180",707548,-96.134067,41.210746,"Sunfish"
"181",707585,-96.134961,41.184073,"Walleye-Sauger"
"182",708655,-97.340635,41.508971,"Walleye-Sauger"
"183",709577,-98.873517,41.315533,"Sunfish"
"184",709802,-99.836798,40.691228,"Walleye-Sauger"
"185",710342,-99.849062,42.547012,"Walleye-Sauger"
"186",706742,-96.456138,41.438064,"Sunfish"
"187",707004,-96.398422,41.277423,"Catfish"
"188",708421,-96.675422,40.747768,"Bass"
"189",709080,-97.542551,42.192031,"Sunfish"
"190",709176,-96.700251,41.834998,"Catfish"
"191",706579,-95.911168,41.17317,"Sunfish"
"192",707056,-95.993205,41.24536,"Walleye-Sauger"
"193",707544,-96.085622,41.197708,"Bass"
"194",708037,-97.101476,40.916532,"Walleye-Sauger"
"195",708163,-96.69439,40.787103,"Bass"
"196",708415,-96.664075,40.7604,"Bass"
"197",709269,-98.364932,40.922338,"Walleye-Sauger"
"198",709525,-99.056375,40.740671,"Walleye-Sauger"
"199",710185,-101.714684,41.256602,"Bass"
"200",710393,-103.146186,41.698277,"Walleye-Sauger"
"201",706465,-90.035294,40.544914,"Bass"
"202",706686,-96.243135,41.274291,"Bass"
"203",706739,-96.503176,41.41341,"Catfish"
"204",706977,-96.618971,41.189097,"Sunfish"
"205",707003,-96.398496,41.246971,"Sunfish"
"206",707398,-95.990915,41.131105,"Bass"
"207",707897,-96.941252,40.929994,"Sunfish"
"208",707994,-96.045448,40.84584,"Bass"
"209",708058,-96.375642,40.461891,"Sunfish"
"210",708229,-96.738794,40.998886,"Bass"
"211",708271,-96.616138,40.791143,"Bass"
"212",708311,-96.618034,40.837987,"Bass"
"213",708375,-96.68822,40.761087,"Sunfish"
"214",708410,-96.668778,40.761941,"Bass"
"215",708411,-96.662566,40.756119,"Catfish"
"216",708506,-96.735249,40.862798,"Walleye-Sauger"
"217",708645,-97.379671,41.432225,"Catfish"
"218",708967,-98.342194,42.261899,"Sunfish"
"219",709166,-97.014935,42.22685,"Bass"
"220",709381,-99.135566,41.780486,"Bass"
"221",709522,-99.081911,40.754588,"Walleye-Sauger"
"222",709604,-98.899772,41.586238,"Walleye-Sauger"
"223",709644,-98.371209,41.059475,"Walleye-Sauger"
"224",709860,-98.657645,40.616291,"Walleye-Sauger"
"225",709915,-100.642481,40.205888,"Walleye-Sauger"
"226",709916,-100.64064,40.302718,"Sunfish"
"227",709919,-100.646157,40.100756,"Bass"
"228",709992,-100.164832,40.478045,"Walleye-Sauger"
"229",710179,-103.658486,41.277853,"Bass"
"230",710180,-103.695638,41.255201,"Catfish"
"231",710248,-102.996968,41.139811,"Walleye-Sauger"
"232",710340,-99.852022,42.545957,"Walleye-Sauger"
"233",710357,-102.846638,42.107378,"Walleye-Sauger"
"234",706855,-96.055343,41.141964,"Bass"
"235",707053,-96.003681,41.247268,"Bass"
"236",707582,-96.125729,41.141188,"Catfish"
"237",708140,-97.572928,40.876828,"Sunfish"
"238",708729,-97.790832,41.244265,"Catfish"
"239",709519,-99.073197,40.718221,"Sunfish"
"240",709694,-98.422627,40.592753,"Bass"
"241",708402,-96.672518,40.736241,"Walleye-Sauger"
"242",708640,-97.387538,41.624161,"Bass"
"243",706500,-95.810126,39.89185,"Bass"
"244",706597,-96.151587,41.325366,"Walleye-Sauger"
"245",706780,-96.255215,41.128318,"Walleye-Sauger"
"246",706948,-96.130945,41.086528,"Bass"
"247",707418,-96.054221,41.293644,"Sunfish"
"248",707505,-96.185325,41.18216,"Walleye-Sauger"
"249",707606,-96.107915,41.331577,"Walleye-Sauger"
"250",707922,-97.667552,40.074674,"Catfish"
"251",708072,-96.02085,40.530476,"Catfish"
"252",708080,-95.930604,40.851778,"Catfish"
"253",708088,-97.46355,40.937331,"Walleye-Sauger"
"254",708260,-96.61727,40.796818,"Catfish"
"255",708262,-96.608092,40.790924,"Bass"
"256",708305,-96.641272,40.848593,"Bass"
"257",708306,-96.632502,40.850703,"Bass"
"258",708399,-96.673438,40.76209,"Sunfish"
"259",708609,-96.589158,40.827215,"Bass"
"260",708611,-96.728612,40.822163,"Bass"
"261",708631,-97.348492,41.433888,"Catfish"
"262",708837,-97.432302,42.031353,"Bass"
"263",708899,-98.981863,42.541892,"Bass"
"264",709164,-97.029174,42.229769,"Walleye-Sauger"
"265",709195,-98.347428,40.896261,"Bass"
"266",709257,-98.378212,40.937088,"Walleye-Sauger"
"267",709258,-98.389492,40.946013,"Walleye-Sauger"
"268",709690,-98.376621,40.587797,"Sunfish"
"269",710004,-100.769558,41.089616,"Walleye-Sauger"
"270",710289,-101.119016,41.165741,"Walleye-Sauger"
"271",700189,-96.438578,42.482426,"Catfish"
"272",700202,-97.403254,42.873009,"Bass"
"273",700209,-98.526226,43.43405,"Catfish"
"274",700314,-101.050422,39.399844,"Sunfish"
"275",700346,-100.850981,37.981233,"Walleye-Sauger"
"276",700353,-96.363821,41.454963,"Walleye-Sauger"
"277",700357,-96.356032,41.451333,"Bass"
"278",700396,-95.89095,41.152497,"Walleye-Sauger"
"279",700397,-95.919248,41.14099,"Sunfish"
"280",700415,-95.919387,41.167888,"Bass"
"281",700429,-96.148166,41.350108,"Catfish"
"282",700435,-96.167181,41.332648,"Walleye-Sauger"
"283",700447,-96.160859,41.335431,"Bass"
"284",700449,-96.117245,41.427706,"Bass"
"285",700463,-96.133781,41.553784,"Catfish"
"286",700471,-96.088945,41.453434,"Sunfish"
"287",700472,-96.115735,41.549099,"Walleye-Sauger"
"288",700482,-96.697021,41.350828,"Bass"
"289",700486,-96.101417,41.043923,"Catfish"
"290",700495,-96.678958,41.25424,"Bass"
"291",700497,-96.728802,41.393698,"Bass"
"292",700500,-96.362837,41.785471,"Sunfish"
"293",700506,-96.198075,41.271871,"Bass"
"294",700515,-96.229015,41.256667,"Bass"
"295",700516,-96.231471,41.257498,"Sunfish"
"296",700565,-96.514911,41.453779,"Catfish"
"297",700570,-96.515601,41.458253,"Sunfish"
"298",700583,-96.558515,41.497731,"Sunfish"
"299",700601,-96.465852,41.439723,"Sunfish"
"300",700606,-96.506575,41.395272,"Walleye-Sauger"
"301",700608,-96.512975,41.401571,"Sunfish"
"302",700614,-96.493893,41.432713,"Bass"
"303",700625,-96.583445,41.446566,"Walleye-Sauger"
"304",700633,-96.505742,41.447358,"Sunfish"
"305",700640,-96.490688,41.437783,"Bass"
"306",700667,-96.248038,41.148645,"Sunfish"
"307",700674,-96.241412,41.144445,"Sunfish"
"308",700691,-96.560994,41.609265,"Catfish"
"309",700702,-96.175755,40.995711,"Walleye-Sauger"
"310",700703,-96.092576,41.02318,"Bass"
"311",700714,-96.727553,41.249378,"Sunfish"
"312",700715,-96.722125,41.267601,"Walleye-Sauger"
"313",700724,-96.465448,41.83986,"Sunfish"
"314",700737,-96.100338,41.055271,"Walleye-Sauger"
"315",700739,-96.1068,41.161078,"Sunfish"
"316",700748,-96.061368,41.13766,"Sunfish"
"317",700786,-96.048135,41.14853,"Bass"
"318",700787,-96.05405,41.150288,"Catfish"
"319",700827,-95.891168,41.005521,"Catfish"
"320",700843,-96.245988,41.00222,"Sunfish"
"321",700852,-96.130722,41.087385,"Catfish"
"322",700854,-96.2187,41.780398,"Catfish"
"323",700858,-96.223401,41.780497,"Catfish"
"324",700860,-96.229056,41.78031,"Bass"
"325",700876,-96.428345,41.32988,"Sunfish"
"326",700882,-96.949045,41.018741,"Bass"
"327",700886,-96.743441,41.191854,"Bass"
"328",700896,-96.622247,41.214945,"Sunfish"
"329",700898,-96.623775,41.21259,"Sunfish"
"330",700901,-96.639855,41.119381,"Bass"
"331",700902,-96.629937,41.211321,"Sunfish"
"332",700904,-96.206645,41.396114,"Walleye-Sauger"
"333",700907,-96.287829,41.286317,"Catfish"
"334",700909,-96.322558,41.25122,"Walleye-Sauger"
"335",700913,-96.506685,41.608206,"Catfish"
"336",700914,-96.406835,41.286071,"Bass"
"337",700936,-95.991396,41.280841,"Bass"
"338",700937,-95.840712,41.279253,"Catfish"
"339",700946,-95.983068,41.289811,"Walleye-Sauger"
"340",700955,-96.008318,41.300391,"Walleye-Sauger"
"341",700975,-95.991418,41.305221,"Catfish"
"342",700999,-96.013195,41.31598,"Walleye-Sauger"
"343",701053,-96.020301,41.229927,"Sunfish"
"344",701056,-95.985222,41.246063,"Sunfish"
"345",701063,-96.000221,41.248713,"Bass"
"346",701073,-95.938152,41.194698,"Sunfish"
"347",701078,-95.958411,41.201563,"Bass"
"348",701092,-95.971692,41.200019,"Sunfish"
"349",701098,-95.966175,41.218841,"Catfish"
"350",701132,-95.944685,41.249581,"Catfish"
"351",701140,-95.930668,41.239661,"Bass"
"352",701159,-95.946111,41.293299,"Catfish"
"353",701166,-95.944688,41.308812,"Catfish"
"354",701193,-96.07757,41.3072,"Bass"
"355",701211,-95.954071,41.325193,"Sunfish"
"356",701236,-96.045648,41.271792,"Bass"
"357",701245,-96.052275,41.26622,"Bass"
"358",701252,-96.051721,41.273318,"Sunfish"
"359",701274,-96.171002,41.298898,"Bass"
"360",701277,-96.170952,41.280513,"Catfish"
"361",701281,-96.181541,41.279743,"Sunfish"
"362",701286,-96.185722,41.287023,"Walleye-Sauger"
"363",701288,-96.172218,41.197347,"Walleye-Sauger"
"364",701305,-96.173929,41.308209,"Sunfish"
"365",701314,-95.985531,41.192593,"Bass"
"366",701332,-96.006001,41.206849,"Walleye-Sauger"
"367",701335,-95.999378,41.19141,"Walleye-Sauger"
"368",701337,-96.166159,41.270869,"Sunfish"
"369",701348,-96.165944,41.254718,"Bass"
"370",701352,-96.036508,41.400043,"Catfish"
"371",701370,-95.943927,41.16029,"Sunfish"
"372",701374,-95.97941,41.135613,"Sunfish"
"373",701394,-95.953875,41.098041,"Sunfish"
"374",701396,-95.919092,41.091265,"Sunfish"
"375",701421,-95.955733,41.110683,"Bass"
"376",701425,-95.958739,41.065418,"Sunfish"
"377",701438,-96.046398,41.240269,"Walleye-Sauger"
"378",701444,-96.031248,41.232121,"Walleye-Sauger"
"379",701465,-96.054744,41.211638,"Walleye-Sauger"
"380",701487,-96.050938,41.19314,"Bass"
"381",701488,-96.042106,41.195031,"Sunfish"
"382",701489,-96.024633,41.192842,"Catfish"
"383",701498,-96.053923,41.195048,"Bass"
"384",701506,-96.015322,41.179413,"Bass"
"385",701509,-96.141836,41.194407,"Sunfish"
"386",701511,-96.022096,41.18888,"Walleye-Sauger"
"387",701521,-96.055348,41.184321,"Bass"
"388",701534,-96.04935,41.183186,"Sunfish"
"389",701539,-96.050861,41.190308,"Sunfish"
"390",701542,-96.065463,41.183917,"Walleye-Sauger"
"391",701545,-96.1693,41.245668,"Sunfish"
"392",701552,-96.169225,41.233108,"Sunfish"
"393",701581,-95.96018,41.272178,"Catfish"
"394",701607,-95.980125,41.266902,"Bass"
"395",701612,-96.01319,41.142963,"Catfish"
"396",701614,-96.00936,41.164457,"Sunfish"
"397",701659,-96.057953,41.309633,"Walleye-Sauger"
"398",701662,-96.149248,41.365798,"Catfish"
"399",701663,-96.032896,41.31789,"Sunfish"
"400",701665,-96.027212,41.281414,"Sunfish"
"401",701677,-96.354478,41.143903,"Catfish"
"402",701679,-96.058291,41.306178,"Bass"
"403",701687,-96.161963,41.209278,"Sunfish"
"404",701699,-96.188919,41.216113,"Bass"
"405",701705,-96.207567,41.203138,"Bass"
"406",701719,-96.185218,41.201802,"Walleye-Sauger"
"407",701726,-96.160278,41.195361,"Walleye-Sauger"
"408",701728,-96.209705,41.191671,"Bass"
"409",701730,-96.186229,41.150509,"Bass"
"410",701758,-96.166458,41.176951,"Bass"
"411",701766,-96.109331,41.207568,"Bass"
"412",701769,-96.123163,41.200155,"Bass"
"413",701772,-96.128427,41.195168,"Catfish"
"414",701775,-96.086905,41.253561,"Bass"
"415",701784,-96.154792,41.192913,"Bass"
"416",701788,-96.148655,41.222391,"Walleye-Sauger"
"417",701811,-96.122128,41.187148,"Bass"
"418",701816,-96.13221,41.184933,"Bass"
"419",701818,-96.134356,41.184167,"Sunfish"
"420",701826,-96.148173,41.176288,"Catfish"
"421",701829,-96.133147,41.188538,"Sunfish"
"422",701830,-96.15493,41.188073,"Catfish"
"423",701832,-96.190642,40.670398,"Walleye-Sauger"
"424",701843,-96.08341,41.228227,"Sunfish"
"425",701846,-96.090367,41.24667,"Bass"
"426",701851,-96.108722,41.247194,"Catfish"
"427",701856,-96.134852,41.240128,"Walleye-Sauger"
"428",701857,-96.139931,41.231123,"Catfish"
"429",701868,-96.128558,41.233211,"Catfish"
"430",701877,-96.115548,41.22289,"Catfish"
"431",701905,-95.929109,41.172918,"Bass"
"432",701913,-95.983477,41.38443,"Catfish"
"433",701917,-95.987282,41.357288,"Catfish"
"434",701920,-95.996552,41.319958,"Bass"
"435",701934,-96.149914,41.267095,"Bass"
"436",701937,-96.150149,41.270752,"Sunfish"
"437",701946,-96.152807,41.257098,"Bass"
"438",701953,-95.983032,41.185898,"Sunfish"
"439",701962,-95.982165,41.180412,"Bass"
"440",701967,-96.091687,41.318162,"Bass"
"441",701970,-96.094253,41.299948,"Sunfish"
"442",701989,-96.131505,41.29401,"Bass"
"443",701990,-96.107146,41.278155,"Catfish"
"444",701994,-96.135689,41.27955,"Bass"
"445",701995,-96.137775,41.282451,"Catfish"
"446",702000,-96.13651,41.296134,"Bass"
"447",702004,-96.131668,41.304865,"Bass"
"448",702013,-96.088436,41.320333,"Catfish"
"449",702016,-96.575432,40.479983,"Bass"
"450",702022,-95.841771,40.390738,"Catfish"
"451",702025,-95.847772,40.384343,"Walleye-Sauger"
"452",702045,-96.738477,40.28281,"Sunfish"
"453",702052,-96.72841,40.273483,"Sunfish"
"454",702075,-96.777019,40.264414,"Catfish"
"455",702076,-97.276611,40.778438,"Walleye-Sauger"
"456",702077,-97.320597,40.799588,"Catfish"
"457",702091,-96.499891,40.680088,"Sunfish"
"458",702096,-96.664112,40.13864,"Catfish"
"459",702098,-95.682601,40.414419,"Catfish"
"460",702099,-95.678179,40.412423,"Catfish"
"461",702105,-97.618848,40.00659,"Catfish"
"462",702124,-96.951948,40.61372,"Catfish"
"463",702141,-96.671741,41.001978,"Sunfish"
"464",702148,-96.924542,40.395543,"Bass"
"465",702151,-96.916773,40.396797,"Sunfish"
"466",702158,-96.431798,40.81894,"Catfish"
"467",702163,-96.436906,40.814051,"Bass"
"468",702178,-97.190655,40.145592,"Bass"
"469",702186,-97.369208,40.165301,"Catfish"
"470",702191,-97.173011,40.139273,"Walleye-Sauger"
"471",702209,-96.535096,40.282635,"Bass"
"472",702231,-96.431841,40.914403,"Walleye-Sauger"
"473",702244,-96.632165,40.624599,"Catfish"
"474",702258,-96.630671,40.619998,"Bass"
"475",702263,-96.621595,40.625441,"Catfish"
"476",702268,-96.625259,40.627743,"Sunfish"
"477",702284,-96.864055,40.90791,"Bass"
"478",702289,-96.868304,40.910407,"Walleye-Sauger"
"479",702293,-96.852012,40.930223,"Walleye-Sauger"
"480",702296,-96.758472,40.635723,"Catfish"
"481",702303,-96.278882,40.9273,"Walleye-Sauger"
"482",702304,-96.281116,40.926891,"Catfish"
"483",702305,-96.331501,40.928939,"Sunfish"
"484",702312,-95.886252,40.670878,"Walleye-Sauger"
"485",702314,-95.867021,40.674939,"Bass"
"486",702331,-95.991363,40.829335,"Catfish"
"487",702344,-96.510461,40.602293,"Bass"
"488",702345,-96.152047,40.11376,"Catfish"
"489",702346,-96.157722,40.114633,"Sunfish"
"490",702350,-96.140082,40.101983,"Bass"
"491",702354,-95.731562,40.47746,"Sunfish"
"492",702357,-96.729051,40.376384,"Catfish"
"493",702358,-96.987048,40.831381,"Sunfish"
"494",702363,-96.932002,40.791151,"Walleye-Sauger"
"495",702366,-96.761658,40.964091,"Catfish"
"496",702370,-96.755571,40.930138,"Catfish"
"497",702371,-96.756286,40.940068,"Bass"
"498",702372,-96.779852,40.95812,"Sunfish"
"499",702377,-95.436528,40.051104,"Catfish"
"500",702380,-95.674361,40.029443,"Catfish"
"501",702381,-97.087195,40.91779,"Sunfish"
"502",702387,-97.091955,40.922501,"Catfish"
"503",702388,-97.158098,40.941641,"Walleye-Sauger"
"504",702395,-97.089028,40.921395,"Bass"
"505",702397,-97.094278,40.90389,"Bass"
"506",702413,-96.377416,40.46145,"Walleye-Sauger"
"507",702420,-96.188576,40.66317,"Bass"
"508",702422,-96.181716,40.666984,"Sunfish"
"509",702432,-96.085776,40.13269,"Catfish"
"510",702448,-95.873216,40.817329,"Catfish"
"511",702458,-97.462298,40.89568,"Walleye-Sauger"
"512",702466,-96.522603,40.910213,"Sunfish"
"513",702504,-97.573105,40.87357,"Sunfish"
"514",702505,-97.574368,40.874711,"Sunfish"
"515",702507,-97.576072,40.861914,"Walleye-Sauger"
"516",702514,-97.587962,40.861938,"Catfish"
"517",702527,-96.670478,40.80039,"Bass"
"518",702530,-96.701382,40.779748,"Sunfish"
"519",702579,-96.682972,40.797904,"Sunfish"
"520",702597,-96.710902,40.797059,"Bass"
"521",702606,-96.678225,40.83212,"Sunfish"
"522",702608,-96.678278,40.834751,"Catfish"
"523",702638,-96.653678,40.848101,"Bass"
"524",702641,-96.664821,40.840233,"Catfish"
"525",702646,-96.661061,40.853728,"Walleye-Sauger"
"526",702656,-96.647042,40.821693,"Catfish"
"527",702670,-96.603938,40.826885,"Bass"
"528",702675,-96.608548,40.833322,"Walleye-Sauger"
"529",702682,-96.617426,40.818341,"Bass"
"530",702706,-96.634657,40.821105,"Walleye-Sauger"
"531",702708,-96.602632,40.828578,"Bass"
"532",702718,-96.630528,40.825191,"Sunfish"
"533",702719,-96.632905,40.79698,"Bass"
"534",702726,-96.664508,40.789521,"Sunfish"
"535",702736,-96.668005,40.78489,"Walleye-Sauger"
"536",702742,-96.622832,40.780002,"Bass"
"537",702750,-96.615675,40.7736,"Bass"
"538",702753,-96.66453,40.793177,"Bass"
"539",702756,-96.672825,40.772991,"Walleye-Sauger"
"540",702757,-96.661082,40.777063,"Walleye-Sauger"
"541",702770,-96.628042,40.786093,"Bass"
"542",702773,-95.95318,41.048428,"Sunfish"
"543",702783,-96.624896,40.83996,"Walleye-Sauger"
"544",702799,-96.629402,40.854874,"Walleye-Sauger"
"545",702822,-96.652265,40.837701,"Walleye-Sauger"
"546",702832,-96.708111,40.826628,"Sunfish"
"547",702836,-96.649445,40.803061,"Bass"
"548",702850,-96.671129,40.808854,"Sunfish"
"549",702853,-96.670405,40.79931,"Bass"
"550",702854,-96.637428,40.809551,"Sunfish"
"551",702859,-96.644168,40.808991,"Bass"
"552",702876,-96.61026,40.800556,"Sunfish"
"553",702895,-96.68635,40.763649,"Walleye-Sauger"
"554",702898,-96.691505,40.761312,"Walleye-Sauger"
"555",702900,-96.709772,40.754676,"Catfish"
"556",702906,-96.229633,41.225703,"Sunfish"
"557",702929,-96.656406,40.746506,"Bass"
"558",702973,-96.655021,40.740095,"Bass"
"559",702985,-96.676118,40.71893,"Walleye-Sauger"
"560",703002,-96.701722,40.852048,"Bass"
"561",703039,-96.691028,40.85046,"Sunfish"
"562",703040,-96.710695,40.85085,"Walleye-Sauger"
"563",703043,-96.704808,40.851771,"Bass"
"564",703046,-96.627768,40.83498,"Catfish"
"565",703054,-96.697766,40.862401,"Sunfish"
"566",703076,-96.697418,40.884141,"Sunfish"
"567",703095,-96.746206,40.790727,"Sunfish"
"568",703116,-96.778007,40.752051,"Bass"
"569",703120,-96.881152,40.870148,"Bass"
"570",703128,-96.623903,40.856964,"Catfish"
"571",703130,-96.796475,40.855791,"Bass"
"572",703143,-96.594825,40.744956,"Sunfish"
"573",703144,-96.58805,40.742094,"Bass"
"574",703145,-96.596415,40.741771,"Catfish"
"575",703147,-96.59131,40.733433,"Bass"
"576",703153,-96.572693,40.824467,"Bass"
"577",703157,-96.785086,40.832964,"Bass"
"578",703166,-96.780915,40.830741,"Bass"
"579",703171,-96.732121,40.819193,"Sunfish"
"580",703172,-96.733062,40.818353,"Bass"
"581",703179,-97.483753,41.363787,"Bass"
"582",703185,-97.344152,41.425983,"Walleye-Sauger"
"583",703189,-97.366958,41.430812,"Sunfish"
"584",703199,-97.464575,41.407041,"Catfish"
"585",703216,-97.355711,41.452268,"Sunfish"
"586",703217,-97.349055,41.439782,"Walleye-Sauger"
"587",703233,-97.371288,41.464382,"Sunfish"
"588",703257,-97.194708,41.47642,"Catfish"
"589",703262,-97.336181,41.435213,"Sunfish"
"590",703282,-96.947125,41.162262,"Walleye-Sauger"
"591",703284,-98.189383,41.502185,"Walleye-Sauger"
"592",703285,-98.144256,41.554882,"Catfish"
"593",703288,-97.834367,41.218736,"Catfish"
"594",703295,-97.125555,41.26009,"Bass"
"595",703313,-96.881092,41.721088,"Walleye-Sauger"
"596",703317,-98.082897,41.983371,"Sunfish"
"597",703339,-97.077615,41.811791,"Walleye-Sauger"
"598",703345,-97.561659,41.699171,"Walleye-Sauger"
"599",703354,-97.601779,41.473431,"Sunfish"
"600",703361,-96.762628,41.43132,"Catfish"
"601",703364,-96.779291,41.465091,"Catfish"
"602",703365,-96.779291,41.465091,"Catfish"
"603",703375,-98.071673,41.82862,"Sunfish"
"604",703410,-97.427152,41.192879,"Sunfish"
"605",703415,-97.663604,41.313095,"Walleye-Sauger"
"606",703426,-97.592252,41.111983,"Catfish"
"607",703431,-97.419258,42.02946,"Catfish"
"608",703441,-97.424352,42.061728,"Sunfish"
"609",703452,-97.421887,42.054611,"Catfish"
"610",703461,-97.405048,42.035095,"Walleye-Sauger"
"611",703468,-97.437652,42.051893,"Sunfish"
"612",703471,-97.443477,42.053706,"Bass"
"613",703483,-97.457893,42.055238,"Bass"
"614",703487,-97.391535,42.043513,"Bass"
"615",703496,-97.463563,42.042708,"Walleye-Sauger"
"616",703515,-97.396991,42.037763,"Sunfish"
"617",703531,-97.419082,42.040068,"Bass"
"618",703539,-96.808562,42.365552,"Catfish"
"619",703541,-98.973345,42.53376,"Sunfish"
"620",703545,-98.972422,42.533127,"Bass"
"621",703551,-99.532329,42.580829,"Bass"
"622",703555,-97.602659,41.99736,"Catfish"
"623",703558,-96.884328,41.926961,"Catfish"
"624",703598,-96.722852,42.274037,"Catfish"
"625",703603,-96.140431,41.544553,"Bass"
"626",703604,-98.806366,42.477214,"Catfish"
"627",703608,-97.249379,42.715399,"Catfish"
"628",703616,-97.264439,42.620695,"Sunfish"
"629",703619,-97.329478,42.10336,"Sunfish"
"630",703621,-96.561057,42.3952,"Walleye-Sauger"
"631",703626,-97.095184,42.430048,"Bass"
"632",703631,-98.349427,42.798339,"Bass"
"633",703678,-98.651972,42.456446,"Bass"
"634",703686,-98.640239,42.453179,"Catfish"
"635",703691,-98.592372,42.465062,"Bass"
"636",703701,-98.646366,42.459001,"Walleye-Sauger"
"637",703719,-97.531075,42.204009,"Sunfish"
"638",703721,-97.536851,42.196321,"Walleye-Sauger"
"639",703725,-97.053854,42.00599,"Catfish"
"640",703741,-96.711408,42.564557,"Catfish"
"641",703743,-96.709955,42.56319,"Catfish"
"642",703746,-96.702926,42.56612,"Bass"
"643",703748,-97.358355,42.373819,"Catfish"
"644",703749,-97.440962,42.453186,"Sunfish"
"645",703751,-98.123443,42.333201,"Sunfish"
"646",703768,-96.43935,42.482423,"Walleye-Sauger"
"647",703783,-97.276362,41.917078,"Catfish"
"648",703788,-97.252359,42.0426,"Catfish"
"649",703796,-97.834251,42.075938,"Bass"
"650",703802,-98.037022,42.597047,"Walleye-Sauger"
"651",703811,-97.542301,42.499247,"Catfish"
"652",703816,-97.524554,42.489869,"Catfish"
"653",703823,-97.015008,42.226569,"Catfish"
"654",703847,-96.845669,41.818852,"Bass"
"655",703856,-96.905078,41.987799,"Catfish"
"656",703857,-96.9146,41.990255,"Sunfish"
"657",703874,-98.357302,40.927807,"Bass"
"658",703878,-98.336065,40.939521,"Bass"
"659",703881,-98.339658,40.94082,"Bass"
"660",703897,-98.347395,40.899781,"Walleye-Sauger"
"661",703906,-98.365062,40.900708,"Walleye-Sauger"
"662",703921,-98.34498,40.939535,"Sunfish"
"663",703930,-98.27849,40.936838,"Catfish"
"664",703947,-96.185842,41.242238,"Walleye-Sauger"
"665",703960,-98.325985,40.913699,"Sunfish"
"666",703969,-98.360195,40.93537,"Sunfish"
"667",703974,-98.359445,40.905191,"Walleye-Sauger"
"668",703979,-98.371025,40.93944,"Sunfish"
"669",703985,-98.407496,40.916,"Sunfish"
"670",703992,-98.365761,40.928863,"Sunfish"
"671",704014,-98.375672,40.925813,"Walleye-Sauger"
"672",704019,-98.377181,40.927474,"Bass"
"673",704022,-98.383261,40.873363,"Bass"
"674",704024,-98.416595,40.885289,"Walleye-Sauger"
"675",704029,-98.399366,40.891985,"Bass"
"676",704030,-98.400612,40.918773,"Walleye-Sauger"
"677",704038,-98.407801,40.950523,"Walleye-Sauger"
"678",704041,-98.408602,40.946128,"Bass"
"679",704053,-98.468564,40.872016,"Bass"
"680",704076,-98.131522,41.147888,"Walleye-Sauger"
"681",704082,-98.003352,40.8665,"Walleye-Sauger"
"682",704095,-99.635778,41.41039,"Bass"
"683",704133,-97.995871,41.119209,"Catfish"
"684",704134,-97.997861,41.117178,"Walleye-Sauger"
"685",704138,-98.010458,41.108221,"Walleye-Sauger"
"686",704143,-99.633418,41.398811,"Walleye-Sauger"
"687",704149,-98.406592,40.777008,"Catfish"
"688",704159,-100.105564,41.834518,"Walleye-Sauger"
"689",704174,-99.356542,40.729163,"Bass"
"690",704186,-98.845516,40.745076,"Bass"
"691",704189,-98.854914,40.800658,"Walleye-Sauger"
"692",704201,-97.882958,40.8031,"Catfish"
"693",704203,-99.095522,41.076218,"Catfish"
"694",704207,-99.101488,40.695241,"Catfish"
"695",704228,-99.094187,40.693121,"Bass"
"696",704246,-99.123912,40.721079,"Bass"
"697",704255,-99.142803,40.715688,"Walleye-Sauger"
"698",704266,-99.152345,40.72777,"Sunfish"
"699",704268,-99.114296,40.693917,"Bass"
"700",704276,-99.093501,40.685958,"Walleye-Sauger"
"701",704288,-99.078941,40.754503,"Walleye-Sauger"
"702",704291,-99.063492,40.705633,"Bass"
"703",704298,-99.072335,40.68872,"Bass"
"704",704311,-99.061008,40.702222,"Walleye-Sauger"
"705",704337,-99.075483,40.687064,"Bass"
"706",704346,-99.061555,40.72973,"Walleye-Sauger"
"707",704347,-99.074223,40.664413,"Walleye-Sauger"
"708",704349,-99.059692,40.733892,"Catfish"
"709",704351,-99.062812,40.733844,"Catfish"
"710",704377,-99.756068,40.773251,"Bass"
"711",704380,-99.745215,40.800987,"Walleye-Sauger"
"712",704404,-99.187198,41.134193,"Walleye-Sauger"
"713",704414,-98.970165,41.282245,"Catfish"
"714",704429,-99.764723,41.143485,"Bass"
"715",704440,-99.536399,40.735252,"Catfish"
"716",704455,-98.191082,40.857833,"Walleye-Sauger"
"717",704467,-98.912722,41.046871,"Walleye-Sauger"
"718",704471,-98.912545,41.03087,"Bass"
"719",704472,-100.551122,42.87406,"Walleye-Sauger"
"720",704474,-99.16684,40.797688,"Walleye-Sauger"
"721",704476,-99.166506,40.785406,"Sunfish"
"722",704488,-98.491111,41.213388,"Walleye-Sauger"
"723",704490,-98.466218,41.218309,"Sunfish"
"724",704522,-98.682481,40.786163,"Walleye-Sauger"
"725",704539,-98.398188,40.595701,"Walleye-Sauger"
"726",704543,-98.390886,40.59682,"Walleye-Sauger"
"727",704546,-98.421025,40.567609,"Bass"
"728",704556,-98.409812,40.591533,"Catfish"
"729",704602,-98.388989,40.610975,"Bass"
"730",704622,-99.360852,40.099506,"Catfish"
"731",704628,-99.904584,40.304635,"Walleye-Sauger"
"732",704667,-99.836949,40.691777,"Walleye-Sauger"
"733",704672,-98.958457,40.0969,"Catfish"
"734",704685,-99.493178,40.45145,"Walleye-Sauger"
"735",704687,-99.372756,40.445522,"Walleye-Sauger"
"736",704688,-99.386905,40.447379,"Walleye-Sauger"
"737",704694,-99.359842,40.440078,"Sunfish"
"738",704706,-99.368597,40.442629,"Sunfish"
"739",704735,-98.944887,40.4983,"Sunfish"
"740",704743,-99.455045,40.131937,"Sunfish"
"741",704749,-99.615608,40.306911,"Bass"
"742",704756,-98.519057,40.143271,"Catfish"
"743",704762,-99.631287,40.523522,"Catfish"
"744",704781,-100.628407,40.208261,"Walleye-Sauger"
"745",704787,-100.624054,40.213012,"Walleye-Sauger"
"746",704793,-100.620398,40.200332,"Walleye-Sauger"
"747",704804,-100.630466,40.176292,"Walleye-Sauger"
"748",704812,-100.600769,40.205631,"Walleye-Sauger"
"749",704819,-100.307941,40.255151,"Catfish"
"750",704831,-101.745732,40.465328,"Sunfish"
"751",704848,-99.933174,40.71466,"Catfish"
"752",704856,-101.640165,40.526431,"Catfish"
"753",704873,-100.415848,40.235862,"Walleye-Sauger"
"754",704878,-100.620636,40.654431,"Catfish"
"755",704884,-101.109291,40.349016,"Bass"
"756",704886,-101.173741,40.377413,"Catfish"
"757",704887,-101.098565,40.430741,"Bass"
"758",704893,-101.010277,40.17435,"Catfish"
"759",704897,-101.364431,40.416963,"Walleye-Sauger"
"760",704906,-100.755128,41.133161,"Walleye-Sauger"
"761",704908,-100.749427,41.131468,"Walleye-Sauger"
"762",704911,-100.722042,41.206614,"Walleye-Sauger"
"763",704942,-100.739926,41.201655,"Sunfish"
"764",704944,-100.784638,41.13565,"Bass"
"765",704951,-100.788692,41.131677,"Walleye-Sauger"
"766",704957,-100.799875,41.13202,"Walleye-Sauger"
"767",704959,-100.789221,41.129987,"Walleye-Sauger"
"768",704962,-100.759235,41.144023,"Walleye-Sauger"
"769",704981,-100.794321,41.139443,"Catfish"
"770",704982,-100.794382,41.140398,"Walleye-Sauger"
"771",704986,-100.797122,41.137653,"Walleye-Sauger"
"772",704988,-100.801182,41.139603,"Sunfish"
"773",704992,-100.780475,41.13136,"Walleye-Sauger"
"774",705000,-100.772849,41.106031,"Catfish"
"775",705007,-100.807651,41.128917,"Walleye-Sauger"
"776",705008,-100.810121,41.127398,"Walleye-Sauger"
"777",705014,-100.761627,41.130495,"Walleye-Sauger"
"778",705030,-100.754036,41.145324,"Sunfish"
"779",705040,-100.700676,41.200394,"Walleye-Sauger"
"780",705053,-100.771945,41.145713,"Bass"
"781",705060,-100.772895,41.22278,"Walleye-Sauger"
"782",705066,-100.193375,41.424296,"Catfish"
"783",705069,-101.6241,41.449451,"Sunfish"
"784",705078,-100.365071,41.024519,"Walleye-Sauger"
"785",705083,-100.363244,41.02012,"Walleye-Sauger"
"786",705091,-101.889294,41.096507,"Sunfish"
"787",705093,-103.891948,41.229442,"Sunfish"
"788",705098,-102.469401,41.094566,"Walleye-Sauger"
"789",705126,-102.971322,41.409225,"Sunfish"
"790",705127,-102.978069,41.411289,"Sunfish"
"791",705130,-102.971322,41.409225,"Sunfish"
"792",705138,-100.162077,40.930862,"Catfish"
"793",705157,-101.727087,40.844973,"Walleye-Sauger"
"794",705158,-102.919792,41.307823,"Sunfish"
"795",705164,-102.801725,41.265416,"Sunfish"
"796",705166,-100.988021,41.162788,"Walleye-Sauger"
"797",705168,-100.996432,41.128607,"Walleye-Sauger"
"798",705176,-101.586421,41.218408,"Walleye-Sauger"
"799",705180,-103.667165,41.233971,"Walleye-Sauger"
"800",705183,-101.81066,41.278319,"Walleye-Sauger"
"801",705186,-101.810291,41.275657,"Walleye-Sauger"
"802",705196,-101.546508,40.850522,"Bass"
"803",705210,-101.042172,42.028957,"Walleye-Sauger"
"804",705215,-101.731051,41.132338,"Walleye-Sauger"
"805",705233,-101.714142,41.131478,"Walleye-Sauger"
"806",705247,-101.283363,41.128992,"Walleye-Sauger"
"807",705254,-100.190457,42.047459,"Sunfish"
"808",705261,-102.981361,41.142703,"Walleye-Sauger"
"809",705263,-102.987748,41.138579,"Walleye-Sauger"
"810",705265,-102.983672,41.154888,"Walleye-Sauger"
"811",705283,-102.983406,41.121701,"Walleye-Sauger"
"812",705286,-102.969692,41.136918,"Walleye-Sauger"
"813",705291,-100.514612,41.364643,"Walleye-Sauger"
"814",705316,-100.539046,42.862028,"Sunfish"
"815",705321,-100.54531,42.877028,"Walleye-Sauger"
"816",705327,-100.543949,42.881182,"Walleye-Sauger"
"817",705342,-99.855304,42.55437,"Bass"
"818",705347,-100.018998,42.59286,"Walleye-Sauger"
"819",705351,-99.701529,42.53423,"Bass"
"820",705367,-102.974995,42.236509,"Walleye-Sauger"
"821",705368,-102.874079,42.109438,"Walleye-Sauger"
"822",705383,-102.875177,42.123602,"Walleye-Sauger"
"823",705384,-102.875327,42.123452,"Walleye-Sauger"
"824",705398,-102.876478,42.099238,"Bass"
"825",705399,-102.862419,42.099538,"Walleye-Sauger"
"826",705403,-102.863692,42.101316,"Bass"
"827",705404,-102.811005,42.370699,"Walleye-Sauger"
"828",705419,-102.868109,42.102357,"Catfish"
"829",705420,-102.866709,42.102377,"Bass"
"830",705421,-102.865329,42.102448,"Walleye-Sauger"
"831",705425,-102.879325,42.10339,"Catfish"
"832",705433,-103.426875,41.725071,"Walleye-Sauger"
"833",705447,-103.095336,41.665036,"Walleye-Sauger"
"834",705457,-102.991064,42.827774,"Walleye-Sauger"
"835",705459,-102.995874,42.827292,"Bass"
"836",705461,-103.001658,42.840925,"Catfish"
"837",705463,-103.005337,42.838257,"Catfish"
"838",705483,-103.657395,41.819161,"Walleye-Sauger"
"839",705517,-103.655871,41.819453,"Walleye-Sauger"
"840",705524,-102.20334,42.801411,"Bass"
"841",705527,-102.203184,42.810349,"Walleye-Sauger"
"842",705536,-102.690095,42.684163,"Sunfish"
"843",705562,-103.373781,42.452037,"Bass"
"844",705576,-103.500437,41.811561,"Catfish"
"845",705590,-103.755005,41.934651,"Walleye-Sauger"
"846",705596,-103.92646,41.965206,"Walleye-Sauger"
"847",705601,-103.930749,41.966421,"Walleye-Sauger"
"848",705616,-103.649705,41.858531,"Walleye-Sauger"
"849",705618,-103.646351,41.853968,"Walleye-Sauger"
"850",705629,-103.648479,41.862062,"Walleye-Sauger"
"851",705631,-103.658575,41.86299,"Sunfish"
"852",705649,-103.613671,41.933003,"Walleye-Sauger"
"853",705650,-103.654919,41.87512,"Walleye-Sauger"
"854",705654,-103.671642,41.822528,"Walleye-Sauger"
"855",705657,-103.648433,41.883059,"Walleye-Sauger"
"856",705662,-103.654629,41.856891,"Catfish"
"857",706049,-104.732135,40.397489,"Walleye-Sauger"
"858",706152,-104.303446,40.47116,"Walleye-Sauger"
"859",706254,-157.844832,21.306409,"Walleye-Sauger"
"860",706257,-122.988242,45.531299,"Walleye-Sauger"
"861",706404,-95.625941,43.631586,"Catfish"
"862",706564,-96.397902,41.480363,"Walleye-Sauger"
"863",706567,-96.373602,41.044033,"Bass"
"864",706571,-96.578382,42.010645,"Catfish"
"865",706602,-96.162719,41.330598,"Walleye-Sauger"
"866",706624,-96.149322,41.347238,"Bass"
"867",706627,-96.154491,41.331803,"Bass"
"868",706628,-96.201771,41.567258,"Bass"
"869",706629,-96.143582,41.539633,"Walleye-Sauger"
"870",706646,-96.158842,41.551068,"Sunfish"
"871",706656,-96.08887,41.454343,"Sunfish"
"872",706658,-96.135571,41.548028,"Catfish"
"873",706684,-96.289402,41.197798,"Bass"
"874",706693,-96.229053,41.266884,"Bass"
"875",706696,-96.244802,41.199827,"Bass"
"876",706721,-96.243485,41.295191,"Bass"
"877",706752,-96.508485,41.384532,"Bass"
"878",706768,-96.705595,40.803239,"Bass"
"879",706771,-96.511037,41.403425,"Bass"
"880",706772,-96.459652,41.436333,"Sunfish"
"881",706813,-96.228528,41.12948,"Sunfish"
"882",706816,-96.216423,41.672699,"Sunfish"
"883",706828,-96.541301,41.613293,"Bass"
"884",706833,-96.963565,41.42093,"Walleye-Sauger"
"885",706834,-96.161798,40.997426,"Bass"
"886",706864,-96.037038,41.138387,"Sunfish"
"887",706873,-96.044288,41.152311,"Sunfish"
"888",706876,-96.039285,41.14879,"Sunfish"
"889",706881,-96.058022,41.127378,"Sunfish"
"890",706883,-96.105149,41.160057,"Sunfish"
"891",706900,-96.058948,41.145099,"Bass"
"892",706905,-96.708405,42.10774,"Walleye-Sauger"
"893",706985,-96.649037,40.748491,"Bass"
"894",706993,-96.296426,41.249731,"Bass"
"895",706995,-96.308865,41.256118,"Walleye-Sauger"
"896",707010,-96.406878,41.250611,"Sunfish"
"897",707054,-95.985042,41.246983,"Walleye-Sauger"
"898",707066,-95.983421,41.242298,"Bass"
"899",707072,-95.966248,41.218841,"Catfish"
"900",707079,-95.972922,41.217503,"Sunfish"
"901",707085,-95.971512,41.202728,"Walleye-Sauger"
"902",707088,-95.964927,41.220051,"Sunfish"
"903",707116,-95.964683,41.407893,"Catfish"
"904",707121,-96.057632,41.260253,"Walleye-Sauger"
"905",707134,-96.051442,41.275933,"Bass"
"906",707158,-96.144919,41.287141,"Sunfish"
"907",707166,-96.151052,41.281078,"Bass"
"908",707172,-95.993426,41.20895,"Bass"
"909",707183,-96.16875,41.266285,"Bass"
"910",707187,-96.169056,41.254701,"Bass"
"911",707189,-96.16101,41.267029,"Bass"
"912",707224,-95.943999,41.15,"Bass"
"913",707225,-95.941842,41.111423,"Bass"
"914",707248,-95.959678,41.119459,"Bass"
"915",707276,-96.078616,41.246464,"Bass"
"916",707294,-96.050432,41.206748,"Sunfish"
"917",707305,-96.028208,41.196156,"Bass"
"918",707340,-96.051025,41.179411,"Sunfish"
"919",707341,-96.094848,41.17433,"Catfish"
"920",707352,-96.168272,41.243775,"Catfish"
"921",707357,-96.204841,41.220167,"Bass"
"922",707359,-96.221542,41.226228,"Bass"
"923",707368,-96.205265,41.224999,"Bass"
"924",707384,-96.025942,41.268888,"Bass"
"925",707396,-96.01678,41.159833,"Sunfish"
"926",707397,-96.011372,41.159447,"Sunfish"
"927",707401,-96.017402,41.168803,"Bass"
"928",707404,-96.009151,41.142198,"Catfish"
"929",707415,-96.07909,41.300425,"Bass"
"930",707424,-96.041741,41.303368,"Bass"
"931",707426,-96.042958,41.303772,"Bass"
"932",707428,-96.042975,41.35587,"Bass"
"933",707464,-96.173382,41.209299,"Bass"
"934",707466,-96.188099,41.211464,"Bass"
"935",707473,-96.174199,41.196743,"Walleye-Sauger"
"936",707488,-96.218472,41.213753,"Walleye-Sauger"
"937",707499,-96.174393,41.199883,"Bass"
"938",707513,-98.054207,40.521911,"Walleye-Sauger"
"939",707514,-96.16896,41.173573,"Bass"
"940",707536,-96.152362,41.198548,"Bass"
"941",707577,-96.085951,41.201533,"Sunfish"
"942",707605,-96.343218,41.102588,"Walleye-Sauger"
"943",707607,-96.107637,41.398435,"Sunfish"
"944",707610,-96.087112,41.321569,"Bass"
"945",707611,-96.106376,41.23777,"Catfish"
"946",707619,-96.124871,41.229958,"Bass"
"947",707655,-95.9823,41.337232,"Bass"
"948",707663,-96.155151,41.256233,"Bass"
"949",707676,-96.088025,41.270885,"Walleye-Sauger"
"950",707681,-96.154172,41.272518,"Walleye-Sauger"
"951",707708,-96.115065,41.311581,"Catfish"
"952",707728,-95.952597,40.39925,"Sunfish"
"953",707730,-95.846726,40.379101,"Bass"
"954",707753,-96.657871,40.202978,"Bass"
"955",707764,-96.735956,40.283711,"Bass"
"956",707768,-96.730616,40.279571,"Catfish"
"957",707775,-96.74579,40.29183,"Bass"
"958",707778,-97.282966,40.777551,"Walleye-Sauger"
"959",707786,-96.517684,40.676405,"Bass"
"960",707793,-97.767606,40.00458,"Walleye-Sauger"
"961",707802,-96.7085,40.507707,"Bass"
"962",707818,-96.954348,40.629561,"Walleye-Sauger"
"963",707831,-96.840966,40.77028,"Walleye-Sauger"
"964",707833,-96.883581,40.784878,"Walleye-Sauger"
"965",707841,-97.120306,40.651501,"Catfish"
"966",707845,-95.977922,40.668048,"Walleye-Sauger"
"967",707850,-96.426445,40.751069,"Bass"
"968",707860,-97.175967,40.149919,"Bass"
"969",707880,-95.604006,40.056961,"Catfish"
"970",707905,-97.592245,40.522169,"Walleye-Sauger"
"971",707931,-97.864018,40.80928,"Bass"
"972",707963,-97.063245,40.72409,"Bass"
"973",707980,-95.873472,40.677817,"Walleye-Sauger"
"974",707984,-95.856832,40.679393,"Walleye-Sauger"
"975",708000,-96.836352,40.103038,"Catfish"
"976",708023,-96.760575,40.986794,"Sunfish"
"977",708025,-96.697995,40.625739,"Walleye-Sauger"
"978",708048,-97.088882,40.925258,"Bass"
"979",708050,-97.08538,40.921754,"Sunfish"
"980",708093,-96.530996,40.905351,"Bass"
"981",708094,-96.519058,40.912889,"Bass"
"982",708107,-97.172201,40.451488,"Catfish"
"983",708161,-96.687452,40.774853,"Catfish"
"984",708162,-96.677952,40.790808,"Catfish"
"985",708197,-96.648372,40.769778,"Sunfish"
"986",708201,-96.658826,40.842251,"Walleye-Sauger"
"987",708205,-96.648982,40.827104,"Bass"
"988",708222,-96.657418,40.854221,"Sunfish"
"989",708254,-96.589522,40.835123,"Bass"
"990",708287,-96.6069,40.776324,"Bass"
"991",708288,-96.649275,40.773571,"Sunfish"
"992",708292,-96.648372,40.769778,"Sunfish"
"993",708315,-96.618442,40.840343,"Sunfish"
"994",708327,-96.617312,40.841958,"Catfish"
"995",708361,-96.648035,40.79985,"Bass"
"996",708365,-96.612872,40.798974,"Bass"
"997",708367,-96.690963,40.731704,"Walleye-Sauger"
"998",708404,-96.631746,40.757367,"Bass"
"999",708417,-96.672517,40.739553,"Catfish"
"1000",708432,-96.671712,40.734913,"Catfish"
"1001",708459,-96.610571,40.744967,"Bass"
"1002",708468,-96.672247,40.747717,"Bass"
"1003",708471,-96.659941,40.734558,"Walleye-Sauger"
"1004",708479,-96.440079,40.81663,"Bass"
"1005",708483,-96.661406,40.756028,"Walleye-Sauger"
"1006",708490,-96.671215,40.745614,"Bass"
"1007",708491,-96.632296,40.92991,"Walleye-Sauger"
"1008",708495,-96.726725,40.880385,"Walleye-Sauger"
"1009",708504,-96.709765,40.851308,"Sunfish"
"1010",708525,-96.697372,40.852107,"Walleye-Sauger"
"1011",708538,-96.715558,40.84714,"Bass"
"1012",708564,-96.755875,40.797623,"Sunfish"
"1013",708567,-96.764763,40.795877,"Bass"
"1014",708569,-96.77504,40.794557,"Walleye-Sauger"
"1015",708572,-96.785801,40.802773,"Walleye-Sauger"
"1016",708573,-96.756848,40.74703,"Walleye-Sauger"
"1017",708577,-96.757475,40.75542,"Bass"
"1018",708581,-96.794101,40.839144,"Sunfish"
"1019",708583,-96.778538,40.838365,"Bass"
"1020",708594,-96.793611,40.839983,"Bass"
"1021",708602,-96.59453,40.750134,"Bass"
"1022",708608,-96.595042,40.751998,"Bass"
"1023",708629,-96.853745,40.795221,"Sunfish"
"1024",708641,-97.327638,41.442661,"Bass"
"1025",708646,-96.612085,41.219471,"Sunfish"
"1026",708652,-97.386799,41.421069,"Bass"
"1027",708654,-97.336692,41.467544,"Walleye-Sauger"
"1028",708676,-97.371715,41.44725,"Walleye-Sauger"
"1029",708694,-97.392918,41.449761,"Walleye-Sauger"
"1030",708698,-96.618105,40.828379,"Sunfish"
"1031",708708,-97.352139,41.452561,"Sunfish"
"1032",708711,-97.409772,41.402528,"Catfish"
"1033",708762,-98.078722,41.980848,"Walleye-Sauger"
"1034",708767,-97.971665,41.356312,"Sunfish"
"1035",708798,-96.778935,41.466492,"Sunfish"
"1036",708808,-98.235667,41.627102,"Sunfish"
"1037",708825,-97.667988,41.317282,"Sunfish"
"1038",708839,-97.401975,42.036851,"Walleye-Sauger"
"1039",708855,-97.400022,42.026926,"Catfish"
"1040",708863,-97.396661,42.037773,"Sunfish"
"1041",708868,-97.456921,42.053938,"Walleye-Sauger"
"1042",708874,-97.414316,42.018186,"Walleye-Sauger"
"1043",708877,-97.445349,42.05331,"Walleye-Sauger"
"1044",708895,-97.413735,42.024321,"Catfish"
"1045",708904,-97.591732,42.000423,"Walleye-Sauger"
"1046",708906,-97.606922,41.996943,"Walleye-Sauger"
"1047",708936,-98.188732,42.170251,"Walleye-Sauger"
"1048",708945,-97.622664,42.790798,"Catfish"
"1049",708946,-97.500414,42.733981,"Walleye-Sauger"
"1050",708949,-114.290465,34.457898,"Walleye-Sauger"
"1051",708964,-96.996312,42.418375,"Catfish"
"1052",708989,-97.260535,42.61722,"Walleye-Sauger"
"1053",709023,-97.455189,41.826266,"Catfish"
"1054",709030,-98.030971,42.131647,"Catfish"
"1055",709033,-98.032554,42.13139,"Walleye-Sauger"
"1056",709053,-97.754484,41.66884,"Walleye-Sauger"
"1057",709057,-99.329131,42.600316,"Sunfish"
"1058",709062,-98.665934,42.46568,"Sunfish"
"1059",709093,-97.78355,42.347711,"Catfish"
"1060",709120,-99.999298,42.829528,"Sunfish"
"1061",709127,-97.214228,41.95835,"Bass"
"1062",709131,-97.222347,41.950531,"Catfish"
"1063",709134,-99.142505,42.602961,"Walleye-Sauger"
"1064",709136,-99.167109,42.61041,"Walleye-Sauger"
"1065",709139,-99.068938,42.554769,"Sunfish"
"1066",709145,-97.809373,41.988848,"Walleye-Sauger"
"1067",709149,-98.05153,42.596911,"Catfish"
"1068",709152,-98.041954,42.593427,"Walleye-Sauger"
"1069",709167,-96.972112,42.221042,"Walleye-Sauger"
"1070",709170,-97.030472,42.230505,"Walleye-Sauger"
"1071",709179,-96.767953,41.834781,"Walleye-Sauger"
"1072",709189,-97.000488,41.87116,"Bass"
"1073",709194,-97.153859,42.757563,"Catfish"
"1074",709220,-98.349632,40.934327,"Walleye-Sauger"
"1075",709236,-98.289885,40.91615,"Walleye-Sauger"
"1076",709243,-98.354618,40.928482,"Bass"
"1077",709246,-98.346931,40.930884,"Catfish"
"1078",709256,-98.364453,40.920479,"Walleye-Sauger"
"1079",709267,-98.404446,40.883791,"Bass"
"1080",709271,-98.375874,40.922724,"Sunfish"
"1081",709280,-98.387888,40.909369,"Walleye-Sauger"
"1082",709290,-98.387335,40.951366,"Bass"
"1083",709293,-98.391372,40.930928,"Walleye-Sauger"
"1084",709294,-98.416958,40.868931,"Sunfish"
"1085",709296,-98.414978,40.94325,"Sunfish"
"1086",709306,-98.464106,40.85943,"Sunfish"
"1087",709308,-98.471523,40.861102,"Catfish"
"1088",709309,-99.271628,40.839041,"Walleye-Sauger"
"1089",709311,-99.333976,40.902289,"Catfish"
"1090",709356,-98.714646,41.075382,"Walleye-Sauger"
"1091",709361,-99.632135,41.3982,"Bass"
"1092",709373,-99.736116,41.408945,"Sunfish"
"1093",709383,-99.171702,41.732437,"Walleye-Sauger"
"1094",709388,-98.613412,41.001008,"Walleye-Sauger"
"1095",709418,-98.397196,40.720811,"Bass"
"1096",709429,-99.373368,40.721929,"Sunfish"
"1097",709433,-99.006078,41.679508,"Walleye-Sauger"
"1098",709441,-98.950816,40.671852,"Walleye-Sauger"
"1099",709475,-99.086261,40.701578,"Walleye-Sauger"
"1100",709497,-99.14177,40.655629,"Walleye-Sauger"
"1101",709499,-99.140884,40.736119,"Bass"
"1102",709513,-99.084792,40.705493,"Sunfish"
"1103",709520,-99.066241,40.723143,"Walleye-Sauger"
"1104",709538,-99.067942,40.706563,"Walleye-Sauger"
"1105",709545,-98.872751,41.316395,"Sunfish"
"1106",709547,-99.074256,40.72787,"Walleye-Sauger"
"1107",709557,-99.753651,40.791863,"Bass"
"1108",709574,-99.119457,41.134578,"Sunfish"
"1109",709582,-98.957058,41.273111,"Sunfish"
"1110",709583,-98.965901,41.277322,"Catfish"
"1111",709599,-99.746461,41.132693,"Sunfish"
"1112",709602,-98.945722,41.608208,"Walleye-Sauger"
"1113",709620,-98.258581,41.221214,"Catfish"
"1114",709623,-98.145481,40.929903,"Walleye-Sauger"
"1115",709637,-98.908578,41.026051,"Sunfish"
"1116",709639,-98.804031,41.046823,"Sunfish"
"1117",709685,-98.601628,40.826241,"Catfish"
"1118",709698,-98.416782,40.591533,"Bass"
"1119",709707,-98.403468,40.594701,"Bass"
"1120",709736,-98.400023,40.637793,"Walleye-Sauger"
"1121",709738,-98.387366,40.59811,"Bass"
"1122",709745,-98.407552,40.603828,"Walleye-Sauger"
"1123",709758,-99.366213,40.10628,"Sunfish"
"1124",709759,-99.360655,40.101444,"Catfish"
"1125",709765,-99.474738,40.366338,"Walleye-Sauger"
"1126",709798,-97.969986,40.374021,"Catfish"
"1127",709805,-99.86669,40.688997,"Walleye-Sauger"
"1128",709862,-99.594136,40.524684,"Bass"
"1129",709887,-98.437772,40.090228,"Bass"
"1130",709892,-98.518107,40.090721,"Bass"
"1131",709907,-98.27442,40.678573,"Catfish"
"1132",709913,-100.645409,40.348355,"Catfish"
"1133",709959,-100.913942,40.253104,"Sunfish"
"1134",709979,-101.019527,40.510725,"Bass"
"1135",709983,-101.644846,40.521125,"Walleye-Sauger"
"1136",709988,-101.638262,40.516048,"Walleye-Sauger"
"1137",709989,-100.419765,40.24114,"Bass"
"1138",709994,-100.164832,40.478045,"Catfish"
"1139",710008,-100.782895,41.136113,"Walleye-Sauger"
"1140",710020,-100.778121,41.124413,"Bass"
"1141",710034,-100.733515,41.263337,"Sunfish"
"1142",710037,-100.795115,41.1319,"Walleye-Sauger"
"1143",710047,-100.754547,41.130794,"Bass"
"1144",710049,-100.752348,41.142138,"Catfish"
"1145",710055,-100.754072,41.162364,"Bass"
"1146",710062,-100.745538,41.132188,"Walleye-Sauger"
"1147",710063,-100.784672,41.128103,"Walleye-Sauger"
"1148",710093,-102.071078,41.02149,"Walleye-Sauger"
"1149",710099,-100.387121,41.017614,"Walleye-Sauger"
"1150",710112,-102.400144,41.154148,"Walleye-Sauger"
"1151",710116,-99.988708,40.86653,"Bass"
"1152",710117,-99.850211,40.830513,"Walleye-Sauger"
"1153",710131,-99.979938,40.86945,"Walleye-Sauger"
"1154",710132,-100.118181,40.829504,"Walleye-Sauger"
"1155",710151,-100.071755,40.953551,"Walleye-Sauger"
"1156",710155,-100.16573,40.930258,"Sunfish"
"1157",710157,-100.157195,40.93787,"Walleye-Sauger"
"1158",710184,-101.810291,41.275657,"Walleye-Sauger"
"1159",710188,-101.946032,41.304844,"Catfish"
"1160",710192,-102.686095,41.362911,"Bass"
"1161",710193,-101.545004,40.847071,"Sunfish"
"1162",710200,-101.042172,42.028957,"Sunfish"
"1163",710214,-101.722325,41.128018,"Walleye-Sauger"
"1164",710250,-102.969648,41.129751,"Bass"
"1165",710272,-102.980861,41.127034,"Walleye-Sauger"
"1166",710282,-102.973605,41.10161,"Walleye-Sauger"
"1167",710287,-100.511106,41.478536,"Walleye-Sauger"
"1168",710296,-101.134592,41.159773,"Walleye-Sauger"
"1169",710318,-100.573191,42.911876,"Sunfish"
"1170",710320,-100.549249,42.877557,"Sunfish"
"1171",710361,-102.860965,42.099481,"Walleye-Sauger"
"1172",710368,-102.884308,42.1063,"Walleye-Sauger"
"1173",710385,-103.320218,41.757611,"Sunfish"
"1174",710390,-102.158191,41.927725,"Bass"
"1175",710398,-103.094169,41.66577,"Walleye-Sauger"
"1176",710409,-103.002328,42.827106,"Sunfish"
"1177",710411,-103.008765,42.832584,"Walleye-Sauger"
"1178",710442,-103.664733,41.824566,"Walleye-Sauger"
"1179",710498,-103.813639,41.94721,"Bass"
"1180",710930,-108.604172,43.214846,"Walleye-Sauger"
